Temperature(C),Turbidity(NTU),Dissolved_Oxygen(mg/L),PH,Ammonia(mg/L),Nitrate(mg/L),Fish_Weight(g),Dia_Cultivo
26.12633547008547,85.0,6.715350427350428,1.42925,0.5,400.0,394.66,135
26.14025446917184,85.0,6.351251227911626,1.42925,1.5935374701459382,382.2600114101305,391.4651039766508,134
25.73107307439105,85.0,5.987152028472824,1.42925,3.327429115743256,385.5014381591563,387.8878110599078,133
25.613716241213467,85.01479837217906,5.623052829034021,1.42925,1.438063973083465,394.45639972551794,384.3449056603773,132
25.333942819148938,85.94298537234043,5.25895362959522,1.4292499999999997,0.7853399290084323,373.9183723525388,380.74079787234047,131
25.35720787818603,94.45895398874544,4.894854430156418,0.7856150148957298,0.3763198063555114,371.0209052838803,377.16333664349554,130
26.20044127630685,100.0,3.2,0.0676843295994568,6.190932175090597,364.6307494051297,373.3539103869654,129
25.833415728627926,100.0,3.199104958929115,0.0757360860967447,4.387964532872863,370.6397873283119,369.98822634621234,128
25.375789141414145,100.0,3.2,0.1041584911616161,0.8706096434722222,375.3169510122075,367.226893939394,127
25.6875,100.0,3.2,0.13096,2.0734133333333333,383.0284740442279,357.8,125
25.875,100.0,3.2,2.73662,4.026386666666666,383.0286731634183,328.75,118
26.002770534550194,65.32855280312907,2.703136897001304,3.3378273598435464,3.165426036505867,314.5205679479768,374.05882659713166,117
26.222501384149,67.00726110949753,4.515450920123617,4.755342616898109,2.7841997713619167,317.82102434659816,366.64239243186177,116
25.44721920521339,65.07317711479918,4.849364544857852,4.461467355778587,3.701706079499253,314.96358765516453,365.0979120879121,115
24.930419989001926,63.65572795811988,4.893917789386857,2.023007797244867,4.170934212652147,313.2961111692659,362.1478416277152,114
25.446417493796528,62.55577919136808,5.114388957816377,2.088480497176435,3.27707804072761,312.2620926180055,357.9718052109181,113
25.399554885226603,61.36016682992211,4.9587922307239545,2.3186088748509506,1.743029145884979,311.7614739081267,355.25415372494115,112
24.95551582893641,58.1221470457213,3.841422104970842,2.798305159404368,1.6756260010473951,311.8496706774095,353.024001267398,111
25.63240760160328,51.56902405889638,4.021100857568979,2.443005296177415,3.191537601298258,307.3025274231942,346.1962279960701,110
25.76196548564447,65.97356249258107,3.635760109957239,3.2164129706742752,3.241890780130065,312.2931777124571,346.7459219692853,109
25.70348251558867,55.981739087830384,3.455883428450645,3.062036108676185,2.145683198478123,310.0867860571736,345.30202071853734,108
25.693029411764705,60.2165319208252,3.526372,2.6755451453058687,2.742588240974187,314.0336349821413,340.6012638474353,107
25.086806805905653,55.21065898451567,3.874994778537991,2.742766142931724,3.1940055079580545,313.4325990714244,338.0512706409615,106
24.77506589618816,55.88154163676996,3.763388550959719,2.6518039019422828,3.158984259493217,314.2937594431444,334.68112383689373,105
24.682837041884817,56.62519451414635,3.404630671902269,2.851282759536708,3.011584212418825,314.9732148405509,331.6060374537085,104
24.61696666112404,58.62268992276421,4.238941469903558,2.554987505160627,3.150742644984831,318.100028827663,328.05780014432986,103
24.87953267113452,59.57771043038032,4.506724988032552,1.9558774761188351,3.050533479399192,314.24781533789564,324.9261505733126,102
24.380774055489965,57.77945975661941,3.50492775974026,1.9907161154039343,2.6930303815442147,315.39389618852766,323.4949245295897,101
23.53783312182741,58.499344319949415,4.835542071125359,1.990115287939502,2.1579543924224347,315.9289941948046,320.79256403736605,100
23.88360689465984,72.80018888731179,4.464397869101246,1.37908705127553,3.468465905267008,341.15144813777505,309.05474970983903,99
24.64250772766676,67.0959868010511,4.391884724693555,1.7152871233223712,2.447906877094076,270.9846289391448,305.1089939924911,98
24.84427824733096,79.4531160810711,4.288814971914927,1.1013894284968238,3.174908662100417,326.7044097006976,288.63505561401246,97
24.69001210965681,71.52710865698799,4.742422893999494,1.9332607950482048,1.4251867107329352,253.49829199865312,282.6728980767186,96
25.28558673469388,66.7279013966276,5.976852645670381,2.2119022400281985,0.8953290296241401,245.4558622633836,274.94838775137026,95
25.58663153920088,59.43457172242222,5.962452344774872,2.9182321819097874,0.1305306975147604,206.54826307840176,271.07275611485653,94
25.26531332872132,72.38400690636698,7.556258847660426,3.2990777483426923,0.0647979972327914,184.1064062183713,263.8682317886083,93
25.34067036335768,58.93939771605847,7.664924959413488,3.100191728352731,0.17161136597241,193.9850778971736,263.02306503345056,92
25.02194852563444,54.48952281207342,6.295031218716426,3.252168145078811,0.3441844035754649,216.96394078130416,256.2926288983048,91
24.504384021271207,63.77599003080783,6.048542874357828,4.105501653620967,0.3078531949016629,262.3613660843983,239.6210113569258,90
24.64332058005137,53.10514025975329,5.212260359578715,4.020253852932388,0.3246531870719178,236.06066178237413,243.36918206395552,89
23.77505939327485,67.34584084455976,5.220862729741019,4.568279795780451,0.5512628223684211,221.65910563721167,193.24039683296783,79
23.322823446688822,67.4111914458042,5.352060105197793,4.997734562981383,0.2913430882127333,250.2794938988494,187.1306129240092,78
23.58827098800685,67.14054640955219,5.200394155720541,5.211055354725352,0.5442105825242719,274.73097485636094,180.46254139560253,77
24.433751027115857,71.66122992484671,4.707562311695426,5.120240384174892,0.4218961133935908,260.5843759529536,175.52579644979457,75
24.84738372093023,79.87461912255438,4.537623216173361,5.863309560992131,0.4296696300211416,301.45037863237326,177.2124531891649,74
24.51304576443284,76.35612973974862,3.9982668080939945,4.68844597813318,0.1757665651290977,235.9521986938497,170.97795475127649,73
24.42746811055009,76.3310484733596,3.10186420409248,5.125665279744467,0.1826936991761892,255.60813421546567,167.64522076401806,72
24.51171321236178,86.85475276694895,2.712556705415367,6.205716871278708,0.111726070314715,270.44541228650866,165.6127364416218,71
25.04694206008584,78.54989097391757,3.0238516630901286,6.655933374463519,0.1274171673819742,265.87812496181164,156.82792763975323,70
23.90078033404209,79.3717066593822,4.781491636528028,7.020375470162749,0.2048007007233273,352.29943196427564,144.57548478040687,65
23.816556490384617,77.0071138697538,4.437441326401963,7.200877734375,0.3001857391826923,356.0678416544217,144.8722158313702,64
24.315078769692423,76.43452280980692,4.304843585896474,7.2081346774193555,0.2982457464366091,354.28487053088264,140.1993301819955,63
23.81163594470046,80.84869431643625,6.387728395260653,7.156813052995392,0.2482443932411674,353.1724717170817,126.6039543597542,61
23.517092541436465,82.27335671753775,6.721703673646712,7.12081805985267,0.2352869447513812,352.3644181020033,121.99529912845304,60
24.076408004844748,81.52002816546839,6.650406991922208,7.132490888570799,0.2765955571460031,346.7735959869744,116.29647999737944,59
24.353696013289035,81.99645331849428,5.532140479385398,7.140212036544851,0.4473106777408638,347.4937162788964,108.23489954702104,58
24.4693767786963,79.46080506054152,5.456595099935526,7.223245722320097,0.5124321368071554,355.2371163172268,93.97002894363736,57
23.99104850630154,78.48257635632841,5.08950416212852,7.211619747938385,0.8582279625019449,347.1467878276182,88.15639855459779,56
23.488214951838,78.77245395512747,4.794558843609234,7.236875670748874,0.900435055395469,338.51785019375,83.43978218698902,55
23.65570701278844,77.90523550658655,5.122322784233356,7.25671235056992,1.571286161384487,330.7928468947161,80.88468058058798,54
24.02462387229215,78.51777984548293,5.308796830475898,7.27403274512452,1.8934642681185705,325.3950035136108,78.59928606721463,53
24.59160403318548,81.1003013881181,4.854785535575116,7.29344999096435,2.6957227550397684,323.6596027818487,81.12870262772056,52
24.2208634071584,79.27916749060708,5.8603430151376354,7.299062529167491,1.3957817078140644,332.0990020924908,75.67310121814513,51
24.521079042866862,78.89352976596984,5.008526147026688,7.307714260603311,1.5619123318838322,348.2219613806943,72.7000889415457,50
23.869318181818183,73.17612373860544,6.059951880000333,6.662017272727272,1.665512165666,342.7462317772666,62.79454545454546,49
24.65033999150021,78.40665813368247,5.528602197783315,7.338953855716108,2.5260713687366128,373.522988516943,69.20650881445886,48
25.07204312785885,76.727171372741,6.400872182121204,7.34052184001307,2.61673549592648,384.995907602016,65.79209540458942,47
24.82352603369066,69.52317416350567,5.526952318808262,7.282337666539051,2.641844829348613,376.9098899622717,62.872918835431854,46
24.565902644340746,70.56490611898244,4.605631979099766,7.406464133955531,2.9556543924410823,387.6988745539391,59.53871299117577,45
24.71105092388913,71.36927985334312,5.498420465762656,7.355879326880775,2.6270435030207926,388.05426850428114,57.7361218649538,44
24.461942333113026,73.17603983446074,5.2150527006052645,7.309742600132188,2.8387229023001974,385.47459182137646,54.17710376735493,43
24.440569982902822,69.99272825914056,5.459996696981986,7.28807577722841,3.6353986823807634,362.2451596506631,52.18689834815396,42
24.722379258704606,62.66094315933861,4.573544714467388,7.244342262822912,3.7373090095893295,338.1515537251965,47.00600299425084,41
24.401413434469816,63.30006991068965,4.219320915495645,7.275100675633406,3.8856771907503687,336.134622317372,49.00790589358898,40
24.091700554289268,63.89017820140904,4.690142460678848,7.292526319933693,3.4119188083641228,310.88953883974443,48.85330331259169,39
24.062527557319225,65.60697751322752,4.698304010004434,7.2501294912918866,3.3093693789378014,308.3642749390643,47.41499133990906,38
24.344894071259297,66.54813271226608,4.640088265346873,7.223634937280379,3.0707057016278307,307.5903155584997,47.02721453626133,37
24.26564916392809,73.72926734970036,5.01311722335252,7.173915409578581,3.492980278085644,318.0415143680843,45.89339661979896,36
23.995603619544298,73.16666666666667,5.226246082160919,7.22980161699882,3.1500482570495723,305.58533382872463,44.85112675043583,35
23.95626449695564,74.84883299507104,6.15119830579804,7.208319222600754,4.107683432254736,312.6897700659161,43.52881062767541,34
24.34975253861251,67.9289188497312,6.881401713734478,7.209943831811588,5.193703796774655,321.8468778827741,42.01315482681287,33
24.94761102299762,65.74274385408405,5.994462178429965,7.216379221252973,4.818148232961368,283.44670896114195,41.17771473986202,32
24.496122811033537,70.7629621151425,4.1446556305781055,7.233120553965892,3.2376072750517366,238.7562664530159,39.17933942773377,31
24.494411664586405,65.00340406218086,4.142239115205466,7.216886341767843,4.088570110555646,227.04990281519625,35.7853220086327,30
24.04281297929448,70.66593174846626,4.470910557259714,7.283536960314416,4.018943265649272,215.8067797122989,36.15258517751342,29
23.50976603300606,73.60162941299352,4.53202538124086,7.308918204512221,3.511855027412659,208.85165582079247,36.87632576202005,28
24.38788233843118,75.07844104588061,3.5990425916790003,7.319973839171189,2.096327687089925,236.7369461688882,33.755357812321655,27
25.019682358826145,79.33815028901734,4.945869911318611,7.358309987031273,2.379946141589022,225.91684666781552,32.318382771982364,26
24.08405944768463,78.57223666643243,5.169356422598552,7.362907560958471,2.3127537342596685,214.37082307633847,30.839859964857705,25
24.00575511114717,78.9032127210774,4.528775454324193,7.342062749878306,2.378499713601134,203.5310925853018,29.649174567556383,24
24.787196356275302,79.65447352894367,4.5541542618565645,7.343414487781954,2.662761563912172,214.4323681940023,27.61906448933921,23
24.458898059658267,78.3064471178351,5.095546691282943,7.36727254908775,2.840673369686791,223.0682457592607,26.49700070341848,22
24.56189056242382,71.4980590365647,5.246981914939927,7.346482341110917,3.0646064820857624,216.71322395057385,25.221157308236982,21
25.216242883022776,69.91938554895786,4.543489790372671,7.387577422360249,2.7583425364407184,207.95834892447223,23.522129917280022,20
25.1192624104916,75.38899388331114,5.089805723174297,7.404184376055999,2.598903334589941,201.4454782240139,21.92566629326977,19
24.36706349206349,81.33722274781877,5.582861111111112,7.449697301587302,2.095299441508997,190.95265964250217,19.30103174738095,18
25.375,66.5,3.787833333333333,7.36914,0.6779093448368831,279.5,19.025714285,17
23.746890862944163,83.70720177664974,6.148634382931472,7.443372572457911,2.2429919541498067,189.4322467609433,16.29795132453934,16
24.180069322081053,83.93371510711304,5.464872643086557,7.466674771775267,2.165416922614657,195.673705439801,14.699812668185103,15
25.05768399159837,83.34667023598699,5.954677953206398,7.538196648949373,2.3749288398888995,198.9969816699476,13.6830564163004,14
24.819684494911773,82.20184856689384,5.988617879329193,7.557575030660917,2.283310623536773,192.8449929600032,13.069246300190926,13
24.4085910317404,83.32123837250586,5.825944918266956,7.596306122985159,1.99891409091358,186.36865741640344,12.190683700388412,12
24.38836400068948,83.92469619925882,5.626657968949723,7.67321361953805,1.81537958737169,183.5065919148868,11.40310750802034,11
24.78668443967693,81.07698132256436,7.153569880221329,7.726093265396265,1.770016278019835,187.33084406721275,10.746464267226274,10
26.046875,100.0,6.402351723631054,6.011845,5e-06,209.5672887563258,30.65356929,8
25.027003416071206,74.36805816723079,5.651133567040779,7.711960503501137,1.9541743807556944,231.80373344543884,8.669784379807322,7
24.290275621118013,67.44428175480357,5.733039913540511,7.821798570961565,2.163851974214046,231.6462079110821,7.412271050355917,6
24.27620074378857,62.86353744848191,6.3487772301998495,7.824748434508467,2.285629452197943,232.7129028854777,6.533150287441579,5
24.87623113033873,65.28885249746885,7.444416464457076,7.846439999686281,2.1559115356073137,231.14216678939616,5.792441615857787,4
25.138448033707864,65.36048979222925,6.154983778089887,7.847278004875981,2.0208489585992533,254.3935393258427,4.5461349372101125,3
25.82075599231924,70.5485873385704,6.024575371398392,7.769876668358788,2.7583567824706914,267.3965304140549,3.9445482326179926,2
25.394040116815248,71.2248289074805,5.987641696487071,7.795344704887796,3.2485781176440183,259.0806435085562,3.352343477823035,1
25.03941466083151,71.2248289074805,6.578146510025437,7.643484436542669,3.5202890323735567,283.9828227571116,3.3817335102958426,0
23.94294519357008,85.3531872869476,3.3118571561232963,8.229708207802375,1.3798625291002269,304.29879463354405,475.4703474127041,136
24.6117785105533,65.32992475528646,3.6290433010435086,5.50597478083356,1.7090005329161446,272.7436397447926,482.179834864034,137
25.88226975515155,83.10346079695015,3.1106237798849588,7.402194040867308,3.5093087472150177,364.69870652120505,488.91536561198274,138
25.38137700385261,89.4969438785766,6.164603271011943,3.022760787274334,4.3223289662616695,312.38246128284584,495.6751391293816,139
25.52345828031257,65.68759982667667,5.723658366936029,3.6696126923395145,0.5842823066577925,265.50775850408155,502.4573278830655,140
24.331406472146355,58.09735044923461,3.7971247321561497,5.190257988944145,2.126877585975401,302.93059928255764,509.2600792387563,141
24.85550387001451,64.84709022313358,4.146069119780903,7.453618364865317,2.278552105047938,313.560918159368,516.0815174250292,142
24.54268387139956,82.80254173421037,5.230170269266492,2.627013361724215,3.611730482371674,292.9832884703922,522.919745552103,143
26.21763754555209,68.82699008074353,3.567731675660771,5.92280334053659,1.4680036924131523,294.9347784514046,529.7728476809684,144
24.046629384608387,49.73177113104844,6.560899177580753,3.991170301434903,3.411213376643864,203.6172699003422,536.6388909381674,145
23.51680044985313,66.22935021182306,2.881797415774237,2.75545417784377,0.6307717666733894,386.810918198248,543.5159276713508,146
25.311028908233617,57.22559470705738,5.5595859097349525,6.165536738398381,2.917036582050091,335.0607716397754,550.4019976405679,147
25.70144417395713,71.22062247144268,5.140772823060045,6.601174088982276,2.4819064110441036,269.0742174968796,557.2951302401026,148
24.53979280211905,67.29408226740256,3.8907138153144496,5.267929391329487,2.046776240038116,288.5235664974062,564.1933467455372,149
25.275605166903723,72.91278319489905,6.685039809733697,5.1794964452877785,1.909750940575083,199.1942495829069,571.0946625806222,150
24.001262713000923,79.55228674991719,4.150905856969555,9.875957167509734,2.3946144002290697,278.9440497850375,577.9970895984476,151
24.360621839626727,73.28468246788,6.526200561104226,7.032183070834853,2.4674351075939494,357.12890259260337,584.8986383713521,152
24.50460775771324,84.00027781178746,5.19254556667655,4.606529827474499,2.540255814958829,347.38904648916616,591.7973204839669,153
24.980499612098264,59.65515745230455,4.919802516561427,1.2073478339597754,1.890925688040196,337.64919038572896,598.6911508237814,154
25.324150392096943,93.91390765931084,4.338460101204946,4.6324619781002845,4.428388591878193,282.16774207448105,605.5781498636269,155
25.351435448264763,62.464511698885566,5.96921866301449,3.9863220498202416,1.5859604246685968,291.94308273933945,612.4563459305068,156
25.484375755206827,65.00882529236407,5.76829591026355,7.007533418702786,3.8269247702661615,297.01767279744,619.3237774552618,157
25.44950839349659,76.00888412360975,5.045706284721744,4.185427182099413,3.4022006066734574,271.3104498597312,626.1784951976368,158
26.118223508215923,86.42411433111955,5.314277879292338,4.040108099486619,1.8205797354266968,283.32365229246363,633.0185644414191,159
24.58653622155104,85.5431931839965,3.719543805078941,1.239654529243003,1.2540527985682937,331.6248046868178,639.8420671544435,160
25.7324402488498,64.63643335769359,4.506289584538193,2.573476282516026,3.0333431963793256,281.2521838013628,646.6471041084015,161
24.83619797133187,79.95258783425102,6.085624966735849,6.368341278431354,1.6006490097727148,337.01891643532167,653.4317969535628,162
24.736532370920784,66.09437294719825,4.222488676022417,9.620101371724813,4.035626397097446,392.7856490692806,660.1942902436941,163
25.635336254313568,65.56976478241255,4.901154635113608,6.855685303929439,2.3992993285298496,229.2130881842928,666.9327534066725,164
23.91035573560349,69.68718017782712,6.591071264954908,5.8238429925596416,2.0525550719213084,289.56526048136936,673.6453826564975,165
25.46033486162214,94.60551776437866,4.349499463568146,0.3002010656954832,5.589268845537553,284.4051092526036,680.3304028426529,166
23.843583236913275,78.90855240696293,4.767903520449367,10.422145752720825,2.182884336413981,350.5328723413712,686.9860692330069,167
23.958387548311567,52.295159558886986,5.603862998739597,2.439346498705034,2.393307459886456,380.2570474947678,693.6106692267065,168
24.035215194491343,71.36251062262653,3.700944210144064,5.461170350958077,2.874432942875512,286.2934312099559,700.2025239937898,169
24.79924745204395,71.41247533885526,5.3938089585206805,5.32823312913675,3.384125557149006,334.54093463494496,706.7599900385235,170
23.616806060672264,53.69322636878141,7.524284974442629,8.550873725717265,4.058773520370359,250.66307173723948,713.2814606837579,171
25.478746772286627,79.56254340811742,5.579438832914762,5.449942071662646,1.508378906162609,353.61022258095846,719.7653674738893,172
24.491307605983557,55.37346519953295,4.685424179944355,4.938388994705131,3.17226183039704,364.4055107170366,726.2101814943172,173
24.294708347024244,81.29867939846267,6.461376751947615,8.837265066569115,1.9721488923573491,309.78127764737866,732.6144146055857,174
24.768724261637267,76.84191088607822,6.712129556100281,6.068399328915341,2.8853634945693982,256.3935603019804,738.976620590701,175
24.160501009384465,77.64358771697343,5.078191042232455,6.937727957064396,1.8783280308707373,281.20108768334984,745.2953962144214,176
23.79497986955965,58.48854874841635,4.737404140006615,3.9849085239495614,2.7339990051154004,278.8555084193783,751.5693821936145,177
24.90287545499861,77.08029687311169,5.991919516895032,4.668076969398322,2.181937648650204,303.23075575719383,757.7972640780755,178
24.93637219238716,68.2007792104978,4.405133590466922,7.298100229978978,2.0234428250118515,306.34801797301355,763.9777730414947,179
24.90778646235401,78.28943452107319,4.6421099768876495,6.147407220044265,1.4581768200033554,252.7208358433156,770.1096865825442,180
24.30176855898608,56.05835177219696,7.095696155955576,8.21774651284502,1.570637804050358,251.85867053470588,776.1918291363398,181
26.56554818519061,64.43454006683811,4.617256290323706,1.5967386305446958,3.438811135629283,246.61182932940292,782.2230725967992,182
25.29515448123985,82.93893281243643,3.423293953090309,5.011757800051129,4.52470521771969,347.7579130909345,788.2023367506832,183
24.66095264136152,96.20893143129648,5.887244496531139,5.52440744940417,2.6161064558027216,300.1938321857459,794.128589624355,184
24.546068115734144,68.91237919922992,5.738949579099041,6.554208170698314,2.3368003057610633,304.02364739445176,800.0008477445327,185
25.824889014362256,86.51447765272411,4.766131282668861,6.021802710142466,2.057494155719405,296.92266450242744,805.8181763145384,186
24.121127493338427,67.50576760090843,6.800895416784929,2.414318455603511,1.9915673501933515,313.56377854171217,811.5796893077584,187
25.08936243939619,92.10431072594334,6.885223164789112,0.4088381152695266,2.101498851491756,348.5142851455539,817.2845494802344,188
25.81063751187069,76.74337230806866,2.9448682329655664,4.157252781919731,0.2073321899987505,219.48765223821147,822.9319683044871,189
25.144954400269548,58.13589508402809,3.858470170164429,4.401265570518317,3.5936334671658168,289.8159067138289,828.5212058268486,190
25.016074281939247,84.33671445240351,5.459478307241636,9.859040130548683,3.2642724685278592,249.85753040862755,834.0515704507391,191
25.474723040513567,65.13482242528858,7.077415334524762,5.221101160309385,1.5446518246944845,350.0481893127032,839.5224186484617,192
25.514475577889804,68.6335483221651,5.655778899642274,3.9408690227050105,0.8536139842660322,278.3516145182191,844.9331546042196,193
25.050620087344814,66.47037603961542,3.4850945809427296,3.95307188992822,3.505500017984444,308.2356477440529,850.2832297911746,194
24.102375084797927,73.73144359956638,5.95358627727078,8.513260222802709,3.0682672519823413,293.30099366595164,855.5721424854589,195
24.4232552877183,80.77959650233787,2.1459973950855704,3.127503491284884,0.8314519338901631,230.40613861654464,860.7994372201387,196
25.07430090038186,42.08645653312576,4.962329524496011,9.345751270265106,0.7212805364093147,264.96581224021764,865.9647041821976,197
25.24270133818191,79.21248794280788,4.690730049376875,7.352644866349348,0.1364591420509073,181.4521585548216,871.0675785556585,198
23.07503963033325,79.12529060056299,5.71187220572755,3.196177927920472,3.63043860686731,223.689315298772,876.107739814009,199
23.991804046050337,74.81318156816486,3.650974114465449,1.8385545284345417,3.22456062288196,239.5260148490024,881.0849109651164,200
25.58520073417004,57.7431062969067,4.946112832916537,7.915694365474772,1.5463402245490323,231.095578582851,885.9988577518386,201
24.650528129677284,79.11120609876637,3.6604642249388704,0.8870543061049716,1.1044204731393215,307.67132544290297,890.8493878115386,202
25.9540424661443,75.91630369887257,6.143808582983831,6.910088283067974,0.6625007217296106,286.2892141132861,895.6363497976954,203
23.85194227327237,80.75074350376214,4.912416948825933,3.95956298336636,2.306847078383265,244.15564805633196,900.3596324667935,204
25.080408315317463,87.37919563540247,5.6347769533652405,5.669253505388234,0.3805287641328507,356.8226840440444,905.0191637336328,205
25.74959419760513,55.16249062397568,4.738748214832442,9.05726205165232,2.5902468314289746,305.77675590064376,909.6149096981638,206
24.364469637739084,86.70277197102652,6.538448130580971,2.76306670403165,1.1828166402944165,244.38791736356973,914.1468736469084,207
24.877223529246777,67.07462896961667,5.347357170459016,4.9888961693178535,1.5640961550006818,242.02769986317185,918.6150950319562,208
25.21848098642458,72.88773813474083,4.436088488464874,1.0436979808073836,4.96827487767055,292.0209243440782,923.0196484304702,209
25.87378267289708,73.24555932737282,5.945322975695032,5.164510848528513,2.77471409491004,328.4136621380671,927.3606424875618,210
24.8463152774367,80.25243080895719,4.491085050877617,8.329186631728572,1.6271631838578915,251.74051773641423,931.6382188453092,211
24.67394998389886,64.85008697683627,4.363563285887838,8.572186858353556,0.4527304252129545,334.29391708217656,935.852551060614,212
25.27156051701821,56.15915096489852,4.282404056675469,5.091451013873475,2.696880764307777,303.384698408401,940.003843514499,213
25.298855055108803,67.6327792120273,5.391485576595255,4.514741739030814,2.3866741937728344,260.27262208398776,944.0923303153544,214
24.887629955400463,66.8431788160936,6.374912735714851,4.365400266865079,2.8108552560122897,253.72615182452785,948.118274198544,215
25.570984662008087,77.7499820107058,6.238922259810308,2.7164272565169028,1.7271134875744858,342.8782516097904,952.0819654246797,216
24.82957672965078,59.521252687937945,4.262487353817674,4.175654517648571,3.23029404646754,295.3193390241047,955.9837206787664,217
25.54061399919264,66.24761102856161,4.989361449081705,4.140487441334583,2.0745959660038604,360.29158262798654,959.8238819723224,218
24.05849900300577,82.46490744928644,4.990336225114379,2.7727782006934163,1.186727579894817,382.6403601357577,963.6028155504628,219
23.31176821653005,85.44214952471029,5.161620687387687,3.042190348472818,3.659899986672196,214.9692037701799,967.3209108058312,220
24.638691065911072,90.26571881007824,5.3666406783085066,5.163673697423553,2.954802158650504,274.81207169032854,970.9785792011606,221
25.259350830196176,69.44529457256701,5.473866779150966,4.240475185878442,2.335546665060607,260.73184844364386,974.5762532021226,222
23.423725414016893,88.27077795765426,6.037300544043276,9.860685832295822,1.272787307500286,274.2968266653368,978.1143852220358,223
24.57249199131637,93.49297871238716,3.131796362815746,5.224157263796597,2.531556401409208,382.5546433584212,981.5934465798808,224
24.90080271496275,83.88035883216212,5.672741981643734,5.240232062072652,0.7665450629083521,273.87376895812463,985.0139264729715,225
24.454388856803646,67.016613995463,5.742832543419411,1.4607012306218063,1.882284326174745,198.4359730720916,988.376330965532,226
23.692729401129306,81.56725884278711,5.892216275098606,6.0600616913221,0.3553046844158902,266.34048163221837,991.6811819943148,227
26.0580849116128,64.77688208376414,5.063903157323047,3.3581903179534742,0.719319853134655,334.2449901923452,994.9290163923134,228
23.4010203511055,91.02688036591285,7.564184836644545,3.0098760111882723,1.8829340435164703,387.2131685153433,998.1203849315084,229
26.041430115900408,92.41962057377332,6.066208319152159,3.586335934668888,3.9420799562189233,262.9621237559305,1001.255851385504,230
24.86376673406551,70.14056408423737,3.854443199744769,6.870419131492603,1.1846784963354182,265.91737411979074,1004.3359916128132,231
24.833893777955968,62.54148301485641,4.991170112446172,1.0554870882731482,1.8062240427149432,320.85854418948503,1007.3613926614678,232
24.606839045695363,64.30910711943004,6.194723437201307,8.399383964946068,2.5758958403937187,217.98457839580925,1010.332651895536,233
24.14851078383149,58.873022489479474,6.646878423195743,10.035596535020726,0.6968103840655755,239.19609900772213,1013.2503761440558,234
24.186680283549368,64.63386773507882,5.13484452677119,2.507748815618915,2.2509188541371548,267.21455471186226,1016.1151808728108,235
24.362716079840443,60.68519982264452,4.981548224441325,7.00392788200967,2.2455689411802413,311.5040685961265,1018.927689379296,236
25.172211827387432,71.34832860284736,5.843159865257131,3.341838712194189,1.6447457562874128,245.93520581082603,1021.6885320111592,237
25.701624688846984,70.10198402515351,5.29774619268261,4.773621089463896,1.49895393587397,360.6620237766369,1024.3983454083243,238
25.497887027530485,65.22922227674441,6.240313565909805,9.432250138381082,3.1070574946434792,247.05983066983936,1027.057771768945,239
23.803667034248072,65.9650063230358,5.37374318902411,6.703011293758911,1.7970255701686708,256.51024132429814,1029.667458139273,240
25.835932818720547,51.83440166103696,4.317683354990455,8.93225661099974,1.939716889475023,312.87448826919507,1032.228055727474,241
26.87331813341674,78.72783435935244,4.851750581037796,6.040229516422919,1.4970165144125804,238.3010616754921,1034.740219241355,242
24.801889956465367,85.29209100286742,6.337585564744457,6.307705722604956,3.044787037354182,230.42305443513217,1037.2046062499358,243
24.1537830990636,84.37289166879188,2.546932256313645,4.551949194100774,3.2373805467549968,302.21704301520333,1039.621876568734,244
24.316479874925037,82.34510517414881,5.421393755938985,3.2174414799418622,3.839622455360791,312.64861139842753,1041.9926916685956,245
25.16607045032864,73.70834094964214,3.8473726267234456,2.857851082295805,1.5595490580019842,352.9011388991231,1044.3177141078638,246
25.23297657389244,65.52662804535878,6.080193506165992,5.625332315164734,2.9030804674313693,282.5405057223107,1046.5976069876356,247
24.30982106228591,93.92998111822222,5.5171212505501614,8.331950122997116,1.524547160679996,224.43310876906733,1048.8330334298246,248
24.20017262149729,67.93737188297703,3.024175498475661,5.691618392296832,3.6532184637275256,339.3278291089624,1051.024656077719,249
25.606211438685733,87.27094820979997,6.651183235859278,3.051286661596549,3.409249949517535,308.53152668858297,1053.1731366186875,250
24.95465693084105,73.63257960139218,3.683125445743902,5.6368421039113885,2.6186111100341734,192.31598199622837,1055.279135328664,251
24.15712881118589,66.77177964075493,7.506456956122882,2.822155596253645,0.1743298645056477,355.23373939431974,1057.3433106380237,252
24.31977409158937,84.67032497935016,4.4710591001793984,11.672707405431252,0.4839503318954226,333.9122766476735,1059.3663187184295,253
24.95057347167204,64.1548107989664,3.828843591714204,6.224605955799197,2.4116017155208342,299.6522678062713,1061.348813090225,254
24.50367062853428,77.87346507620573,6.806949540786906,7.923306192842217,1.7358725788602771,278.45032110387933,1063.291444249913,255
24.2701674693211,84.41443184808894,4.120077591052499,5.898440447768168,1.3082959592177623,228.39038403528255,1065.1948593172706,256
24.549391915598072,85.56173462799472,5.460030624193438,5.222876678932577,2.8873825358869523,388.3980217578263,1067.0597017016169,257
25.904033165353443,80.7667795902292,6.1268529218383305,7.762375218978182,1.5580400950474058,319.22840602585586,1068.8866107867505,258
25.02802812284917,67.21292776591024,4.856035893219611,8.355713522894286,0.6713563122314181,317.3195035918212,1070.6762216340646,259
23.42161115146095,83.88625866548085,4.893100201173018,6.610233159290316,2.06594845121961,250.15333018010372,1072.4291647033424,260
24.329894446157848,66.42576787894261,5.3179219733385565,2.542008585817992,3.621590762473669,386.680681430871,1074.1460655907206,261
24.69889601937957,65.43364720037304,5.84556922993306,2.705875606616728,2.067387970117528,368.9979303958046,1075.827544783324,262
25.538900517291715,46.03488711592493,5.778824342762999,9.18907867900865,2.202975899127581,269.9999562756082,1077.4742174300548,263
23.93781051067724,65.61148352004433,4.515489575589644,7.047309451197553,3.206718394234701,275.4550110244819,1079.0866931280273,264
25.847333096107977,69.37576122482947,3.747217525161713,4.156171614237627,2.7331171572868445,211.97698531536676,1080.665575724141,265
24.79582147199915,49.89707684426391,3.631057871930696,3.743522409561222,0.8853152131213025,162.4102774464467,1082.2114631312863,266
24.05911533946488,84.7909396884501,3.938546684412078,4.289502250145113,1.3163358163980563,223.61787563673437,1083.724947158673,267
25.169046239457742,61.548117493570565,2.6563386091113674,8.302758509507582,1.3160850950529206,320.0982266907046,1085.2066133557882,268
23.963131346338663,62.6903048546998,5.181184692159919,6.335452463044636,1.9741307489494133,270.5540276290303,1086.657040869482,269
23.98364459252696,72.98104917063655,6.5262510054739264,4.553841556530547,2.6321764028459063,301.9147931292972,1088.0768023136989,270
24.407665503041017,80.10294741156878,6.08956892149017,4.531643115367502,2.296818750111399,244.65431425605797,1089.4664636513626,271
23.81715399073047,79.0776059347748,4.724193966529271,1.2966594250397296,1.5523192224897715,219.4150875368888,1090.826584087947,272
24.83755068363714,92.13458202870144,5.13062455863845,4.725523553899148,2.3276477359616794,399.8396069009863,1092.1577159762578,273
25.802136559453377,98.91596372306196,5.433043794882724,7.196951937174822,2.124759825521013,314.57582079412776,1093.4604047319715,274
24.58391814446552,69.12448786838007,3.323468589662609,9.595196153712807,1.071851571640881,271.74045193678904,1094.7351887594718,275
24.52229170367179,72.01836660160177,4.752432484445436,8.055984095491652,2.7111861140321394,285.68628777119017,1095.9825993875504,276
23.87794323019465,58.481763491743145,4.507936416012728,7.186716715894073,2.640594284511241,189.21841501988115,1097.203160814532,277
24.128104837596617,80.53926436704008,5.189619909430122,3.164273930360737,5.444205469985386,257.00688456215573,1098.3973900624044,278
25.14317077581412,74.79017245226078,4.956217557046553,5.939834182612676,1.883842249171641,324.7953541044303,1099.5657969395402,279
24.35638926988297,64.95313923272248,3.654603739879888,2.725470516677128,2.605527699324518,392.58382364670496,1100.708884011605,280
25.23067905069865,52.39141302399403,4.583591046830386,7.021588035042141,3.6303692524233098,277.70957602036395,1101.8271465802632,281
24.42717056111101,87.14773002145233,5.162479201564089,5.158147421442971,1.51558815574783,126.67525809889656,1102.9210726692963,282
25.92863046838893,84.82700990257096,4.1597363580236655,2.136328967339005,3.900587390145554,378.1728982548715,1103.9911430177656,283
25.855526868087,65.82922635657907,4.280927054232283,8.439633725634337,3.1768672122716755,304.00851999744816,1105.0378310798565,284
25.19014380855045,65.80720566677638,5.5815950368376,3.1103007611150244,1.883001452511236,313.1297604658474,1106.061603031055,285
24.057531623547856,81.62520193116568,5.186305759550107,7.610961331426276,2.6540765054082303,264.5368366751028,1107.0629177803194,286
23.71679826853393,81.72955371792463,4.546079268585936,5.542135734804561,3.927474639673048,350.07335527456206,1108.0422269879164,287
24.16301722995017,72.48706526117108,3.976617522343771,4.736428749985113,2.364224580602317,256.3741943012204,1108.999975088604,288
25.42849628480314,76.61061949837934,4.266343055578992,5.175653980624897,2.7480715203891024,310.62078988959325,1109.9365993198587,289
24.41436786930093,75.5620751162411,5.062832849476384,7.764985913195007,2.0813148725546946,263.70648073141695,1110.852529754842,290
24.568853545745995,54.19829646390965,3.792709450573751,2.1067207398287087,0.960547732361876,397.3565796811804,1111.748189339828,291
24.72969282559657,74.13581676554145,5.348683596692342,4.567396563076541,3.3688320759766315,297.3357755020436,1112.6239939358125,292
26.329545485709517,78.02230783173493,2.7182292385521305,6.830807745553897,2.6416672336191285,342.6332776532897,1113.4803523640362,293
25.168351445236976,87.04816699648839,4.1797478245323125,6.098466440614134,1.100926268043399,272.0514698248536,1114.3176664551695,294
24.377887212975462,67.7593512203124,5.828056007135454,4.261345421609591,0.8641694309822545,213.6980225313465,1115.1363311019109,295
24.55987285875992,67.98848409793771,4.967544304751829,8.707760991126175,0.8472673245437079,253.17510870028178,1115.9367343147594,296
24.26336344100843,68.7314551008545,6.6362956758248925,5.919416582110069,2.3706912783962277,292.65219486921706,1116.7192572807414,297
25.214151573606124,81.31328468783995,6.377807128230099,3.86947644276919,2.028493613199114,314.1592211096519,1117.4842744248635,298
24.149195310294758,72.40699079553539,5.356973836435297,3.970839230315781,1.8124349055121045,335.6662473500868,1118.2321534740922,299
24.825565737098465,88.37305966425592,4.52916126829504,2.166818184928882,1.3059039762826044,321.9584048744703,1118.963255523651,300
24.203214782140577,78.77564441389012,4.508049640744401,8.975147024824832,0.6233372344041299,232.66697339592537,1119.6779351054508,301
25.90116241944684,90.59553517711214,4.736947906318918,6.706320031150257,3.051877546441053,311.3536392416785,1120.3765402584652,302
24.910944322303127,78.21814271560707,3.922677717847024,4.437493037475684,3.551899445395692,288.4851818825666,1121.0594126008752,303
24.980783007103305,63.79117592065984,5.913551852768244,5.419707099120554,4.236555745471371,239.21403635015432,1121.726887403819,304
25.91659299554385,82.43534450760302,6.59988979372064,3.646490363247306,1.693941971176992,230.05342714511409,1122.3792936665864,305
25.129493221737064,46.94512650985264,4.459643436967754,5.237171740852955,2.871626419087953,304.9837377711034,1123.016954193098,306
24.97703638641137,73.69024274658636,5.872061171683687,4.875582888070413,3.996967382609726,188.0840777797298,1123.6401856695377,307
24.48333062299928,80.99155915395616,3.978327523985672,6.085009514367642,2.618354310985679,354.83033844648367,1124.2492987429855,308
24.577394173637718,81.17154277380541,4.301110730618032,6.181269937555816,1.0639873847392445,234.5618381041245,1124.844598100933,309
24.799391227839884,72.30770942518409,5.927989621503903,4.5538031683847695,1.7454168232318783,257.49467890131683,1125.4263825515404,310
23.787560723735066,94.15638559540125,5.5467348194348665,1.295907722342931,5.024084185715635,345.1180380902786,1125.9949451045366,311
24.395074295240686,57.91293707953414,6.182892652020565,6.58573277129393,1.0864706207391892,255.9508951852496,1126.550573052628,312
24.60587550913885,73.69088764296632,5.557554279656269,4.239812682323932,1.8625765668544412,149.19363612180337,1127.093548053328,313
24.837229096941424,79.79365175673641,5.28339959474561,7.377731951408736,2.1291497870161016,251.10260743175533,1127.6241462110938,314
25.51627325524615,74.25506669904641,5.449893964322591,5.320644516624332,3.612111063217026,312.79350701846346,1128.1426381596823,315
25.07227089816568,81.12349555276893,3.7573401878232335,1.4373044337307554,3.3687913842506,317.2827707329663,1128.6492891446298,316
24.906729599625404,85.43870490513271,5.4753154585518224,4.51331482714024,2.9309896651629592,230.66169955921623,1129.1443591057746,317
23.75207241641589,60.15238819042827,5.021191992295629,3.3195389748561004,3.355414265121392,286.223233230213,1129.62810275974,318
25.19479735650319,61.81862195264591,3.614805262109981,10.512532405018533,3.779838865079825,236.81860133757945,1130.1007696823006,319
24.508085973139316,81.72728164297702,3.83661493129216,7.479804474538769,1.9250414841552257,276.824606327772,1130.5626043905654,320
24.2868615591485,83.8182034678339,5.0349697807457,4.069905340158095,2.0430676176063582,284.87354655497325,1131.013846424908,321
24.70318465927882,71.43835916915515,8.455387554967299,6.248836615745111,1.632792001205265,358.8025963497786,1131.45473043058,322
23.381956342560738,67.38479614749532,5.812855986885937,9.676965580743628,0.9017646014738046,290.0290211960119,1131.885486238952,323
22.835860125017103,73.89730184533175,5.121504545242505,10.66043102503679,4.798714202978102,190.2667285224441,1132.3063389483266,324
24.080585019104536,70.72326700314288,4.504144142508555,8.351223889214152,1.0401205923508683,292.31200566768666,1132.717509004272,325
25.34507955172234,45.00946727071918,5.191080421374252,5.925723462142839,1.3348320481283664,307.77730775130607,1133.1192122794275,326
25.304948195609605,73.77585714658721,3.4721771563139794,8.005160010472377,3.0025483268818336,261.6436719978657,1133.5116601527388,327
24.38247252358957,81.9988083426646,5.267377145787749,2.4038461815990257,4.665579830132161,308.17129860655194,1133.895059588081,328
25.69806512676629,79.69462842199307,4.115960332752925,7.286871009266568,3.2881691712225654,215.74602117340083,1134.2696132122303,329
25.11386089809412,72.54705163439834,5.399130188718691,7.561247812191798,1.006940910453331,269.169973709238,1134.6355193921515,330
24.393563734174585,72.45235351186093,4.70348067343464,3.8017494325328016,2.0688499166626,384.9538563823088,1134.9929723115683,331
24.19671707155993,78.31346566297026,6.208003085541565,0.9157752113219892,2.451826850450489,348.795856139228,1135.342162046784,332
25.74360985134725,81.38794124232678,1.9141935657526823,5.9961095027193085,2.90283709449953,343.9125502450616,1135.68327464173,333
24.628002198393062,76.909930178274,4.791289648694656,6.76694617547718,1.9685433611153635,267.30156583040275,1136.0164921822145,334
24.85133238823546,76.27654222250594,5.58660640697005,5.550960283141631,2.370393709185377,226.02338374631853,1136.3419928693486,335
24.340281043487128,61.83212553899664,5.585945764404466,4.3349743908060825,2.7371170835215093,284.0985255664761,1136.6599510921324,336
24.28748400249392,72.3314373219457,2.3237434281227785,7.437302399173553,2.211431201346929,278.80868442099745,1136.9705374991788,337
25.58957241877744,91.51200786760482,3.876373233138933,3.354122923839488,3.100595473940876,170.11395295967893,1137.2739190695631,338
24.58582392868516,74.28109938896512,3.701983652554607,8.446558731198502,4.071800063651324,302.8741311991973,1137.5702591827796,339
24.54193044301891,83.9551951445084,4.631078142558576,6.254690580363762,2.43678429581443,254.54886179477407,1137.8597176877968,340
25.613414490471484,69.94691816600752,4.518206159988255,5.480351946444606,1.740039608768331,249.15194042810288,1138.1424509711971,341
24.19986520846047,74.80388458715112,5.209134363160947,4.70601331252545,2.639008242676304,221.7464727211048,1138.4186120243933,342
23.830783471592053,82.59199386617468,5.692563476755457,7.235086369678338,2.74884623518371,364.1071531322539,1138.6883505099124,343
24.502636141101146,79.29860240905373,5.522163891268385,3.373155926734422,2.280242063512847,290.1031907140987,1138.951812826742,344
25.436449601704997,72.28026158772859,4.186862659037036,7.064150905931406,1.811637891841984,371.2791022750456,1139.2091421747343,345
24.380402582434986,71.69185351222148,6.646493871374689,4.572963384676752,1.9696555276823149,182.69622408180095,1139.4604786180607,346
24.882371112085483,62.55713492122312,5.455857042830594,7.233977099013067,1.6603985135570576,290.5973613447505,1139.7059591477175,347
24.13790781081771,63.77303247102101,4.3014298330830885,3.89588421652186,1.0914281016672387,255.8513460451244,1139.9457177430816,348
24.022166514832502,82.1373070716076,5.891165329150679,8.126561703519034,0.52245768977742,236.95094376987785,1140.179885432509,349
23.647377774689534,94.30481118198205,6.313812312642405,6.510333185748035,2.9562107843750307,263.90859918257627,1140.408590352989,350
24.372998953383867,98.7650087985395,3.209942877734237,5.974710554821119,2.497002695080786,262.8821840542216,1140.631957808841,351
24.02921144974511,63.48209591867338,4.68328634256457,7.958070806358524,2.037794605786541,329.63421878650263,1140.8501103294668,352
24.81157426021213,90.36736572025258,3.780028870280727,5.166877533202906,2.306715935451037,342.52646002140443,1141.0631677261567,353
24.89107557643899,95.10918301841606,4.174720845135825,11.775377189331447,2.149243491423768,337.58336895005846,1141.2712471479545,354
25.174914154933088,57.73895339718261,6.044728250995092,5.4765234001931455,1.9394449403730287,332.1455105016008,1141.4744631365843,355
24.826875053223944,64.79936104605892,6.358336804746239,8.547547905504725,3.716882451322352,241.9457118011591,1141.6729276804465,356
24.2838414224914,73.76794709277219,4.148742334937273,6.042827208640457,3.0371786384207637,282.4481045332577,1141.8667502676865,357
24.76426163096232,72.76887208693536,4.54633649186763,5.803195030543892,1.6802327614501356,322.9504972653564,1142.0560379383453,358
25.712340125440704,58.318304139034,4.784201017195392,8.442178311217372,5.176916918028222,195.10133717631768,1142.2408953355946,359
26.021440135835,76.93458757366821,5.382339915728118,7.039814497550129,0.6736098688853633,301.5060998686901,1142.4214247560674,360
25.65150326543288,89.49084323682521,4.897509193361244,6.544989757318303,4.026068925148292,263.6536303088392,1142.5977261992905,361
24.640139271797484,65.29844912567745,4.68598995037674,7.372475661668274,1.866105874323244,157.06597446488607,1142.7698974162258,362
24.552035597546176,55.653034559221695,4.93290079192154,2.237989778051148,0.9448008713200112,316.0622721279348,1142.9380339569332,363
23.52734592272307,70.53184144775679,6.276653301315307,4.647730265542802,1.707415895907272,369.4340135566621,1143.1022292173554,364
24.46863450460962,80.35584104666128,5.620953296230274,3.659111556136797,1.9775707469769463,233.6915406781879,1143.2625744852458,365
25.3865766642882,63.59872194688421,4.511435839316844,8.670493374006716,1.39848910561384,261.27692258186926,1143.4191589852371,366
24.25846151759044,93.39203591038896,3.8549270140312855,7.217069729755449,4.611468221446286,218.09384583296685,1143.5720699230687,367
24.99779647387578,81.23700351537352,6.575131304160625,1.9764819197394,2.3696807945458365,198.5643897388934,1143.7213925289786,368
23.9148586341122,47.73069334969307,2.7352891054485218,5.16593410528538,2.923415811478094,337.90914006112405,1143.8672101002724,369
24.669144430762795,80.04462484003201,6.376589171853431,3.745966027614841,3.130078440479402,186.0877710329785,1144.0096040430751,370
24.37900808242502,86.90904179212696,5.5433865076845095,3.221060385387297,3.33674106948071,245.9944309641414,1144.148653913284,371
24.214057868205543,54.24461883676135,3.572114683416446,6.2846254100528816,0.7284138031408904,294.2093534513219,1144.2844374567264,372
25.066947294897084,65.64316953349474,4.10150292078808,8.134790113141683,6.542325343639872,338.51710649130183,1144.4170306485362,373
24.617139946733097,90.82210992428716,6.524562489368839,3.670501752645301,3.047013675001196,314.65902013934885,1144.546507731757,374
24.429940912277377,61.537283792077744,5.703328208426506,1.4325594637032737,0.8457976451034404,290.80093378739593,1144.6729412551897,375
24.27962100886605,77.59643096152823,5.037280878324128,6.74280653300064,3.790965311651516,309.2873200426445,1144.7964021104867,376
23.549743962039955,79.58384538149795,6.01567872409269,8.93671464472083,1.4746155945649375,220.20137836485213,1144.9169595685098,377
25.15724448452241,73.8468598972535,5.219554429089461,7.873186475330906,3.1099236070341467,308.85158255177413,1145.0346813149604,378
24.34415954676228,57.18810544082357,6.219030627959162,7.307110371472017,2.5604162071683785,297.76712563847843,1145.1496334852957,379
24.248045249303917,81.61093747389053,4.222453571034743,3.7411125976186206,1.149407401273728,286.7915121026048,1145.261880698936,380
24.691215944366284,83.63913403018154,5.667559886822083,0.4972434238860668,1.8191960175684527,323.0489779831205,1145.3714860927842,381
23.59106936878605,60.583173065707264,6.399654053894017,5.424951963676905,3.201896227732915,226.9026862029552,1145.478511354056,382
24.637113241552,78.07623520440038,7.0270124505470415,2.703235064315026,4.123735958191324,226.3176683729316,1145.5830167524448,383
25.079005985824686,93.27734142823176,5.955950909420148,1.8013113499354096,2.4127124572871845,312.8562663565308,1145.6850611716218,384
24.547714473906865,69.21273755154812,3.8230840126499457,8.2005219989612,3.424102629870556,276.6346528612828,1145.7847021400871,385
25.26854143797582,54.350744852725335,5.0612718625797735,5.611196300114141,1.068638077642294,310.478042309659,1145.8819958613874,386
23.42523676012952,80.67048978927268,2.0353532346423355,6.085240516356201,1.5673445818670284,340.42082350392377,1145.9769972436966,387
24.338954885401108,63.15449007560476,5.053322226775073,3.132030423072627,2.066051086091763,229.74222373258343,1146.0697599287896,388
25.92196862969285,90.77053598485,4.977753305167685,5.751185512871318,1.802923642187304,303.9831223311155,1146.1603363204028,389
24.616999953374734,81.65118691790948,2.868729286955815,5.060890976711266,1.2114713833373787,378.2240209296476,1146.2487776120029,390
25.499612578337512,71.05348036294467,4.357607597647699,6.2819421736691545,2.0927955121400137,386.7499077017824,1146.3351338139698,391
24.39260412496938,77.67472275253812,4.453023462324907,4.785458765044725,2.8791410487924702,301.29374734654493,1146.4194537802052,392
24.98751856992605,64.2188644332225,5.013895093319355,7.845263195469659,2.3428707787399308,272.896566515356,1146.5017852341769,393
24.899128739915493,72.93453342182069,4.750134290314332,6.91088100981311,2.0555095863392205,332.25076258309207,1146.58217479441,394
25.650447188932947,74.97581241552341,4.332432906918652,9.037856816327668,4.4459639811589575,245.27642841481253,1146.6606679994363,395
24.880847085071977,81.47240944329396,4.591192383477035,4.393165684147528,1.2270656154403397,209.4280065409418,1146.7373093322058,396
25.37487352095881,71.52406446215369,3.5391852310224348,8.344850034714675,3.681569247606708,298.3158772199114,1146.8121422439797,397
24.84807859959824,64.06150923100961,4.274359273334115,4.924106546359963,0.3010672359360391,300.5791462520468,1146.8852091777069,398
24.926050099768005,77.21392869455916,6.016123639668435,6.097974999098842,3.900431412258905,289.8819737309199,1146.956551590898,399
23.92375417138353,72.29270250349059,4.668385484890008,8.08360625183502,0.1646739959581182,271.0798360397703,1147.0262099780057,400
24.637181618992457,68.73034746950854,5.445924363173758,5.175518511478876,0.32619930924749735,360.8403309672352,1147.094223892317,401
24.30101404565308,70.60100668493354,5.993222775484237,3.5549440134138286,0.4877246225368765,302.4793961897164,1147.1606319673751,402
24.085078237298585,66.27335295370251,5.190912149149352,2.8421593051263425,3.624333363510263,349.6793155161347,1147.225471937933,403
25.08995498407541,69.20376450654476,5.652200014700576,6.988423514495489,0.1819520175528064,344.3994232269718,1147.2887806604467,404
24.9337210697844,58.68454703166354,3.451521247823796,4.717749536079115,2.8865862146606305,185.99452010597085,1147.3505941331284,405
24.866328328687526,72.90854593248018,6.083530150924458,2.4470755576627408,2.987821085097303,397.26009475114,1147.410947515552,406
25.746449448723254,70.02283298453341,5.735134851111575,2.4804028340720103,2.330035413289097,253.15957838694175,1147.4698751478345,407
24.88466700811824,61.68019444161544,5.865476496613899,8.367127541538675,0.8424006680317666,354.5673098022697,1147.5274105693925,408
24.02459287011288,82.69492459645699,6.173547438043989,8.763900716428278,1.5084402482242585,349.02474619082085,1147.5835865372858,409
24.362477404283915,69.86903863117995,3.682203319576069,3.2842372137218248,2.923341381022913,290.26661099317386,1147.6384350441583,410
23.616433754303163,82.18199388643073,4.216175047737507,4.580153445644687,0.8142821867776036,317.40432025958,1147.691987335778,411
24.8240141450047,74.75462993828859,3.771149699572088,5.951978135218944,1.7461262656815095,152.79336642401307,1147.7442739281923,412
25.13704411941152,83.29161203971324,3.0306294513192844,7.214261400502925,2.9768097054861125,372.2385404050284,1147.7953246245013,413
23.611072107355604,79.34512741552511,4.7707012505259705,3.4822766706563364,1.6174167697894526,287.1692653594123,1147.845168531256,414
25.55201813803913,76.04654312138223,6.2517247966626925,4.388041585656133,2.1962569139395263,380.67289781607775,1147.8938340744962,415
24.242423486883748,75.3380890694938,4.258095324330621,5.863798595211121,2.7750970580896,258.0168649311298,1147.9413490154243,416
24.054337046326328,72.6278108140936,5.6298739511660205,3.705267664694821,1.959104069178418,345.866090750565,1147.9877404657366,417
24.049707824015,72.56176837044303,4.989972403917776,6.034296586930068,2.256782373601662,195.7646876883596,1148.0330349026024,418
25.474339809944173,83.73904811601183,3.157394227243816,5.037736707228189,0.7419226312093021,288.746156280904,1148.0772581833178,419
25.00042550884485,69.49925043421007,4.189188831772502,0.5226627172550744,0.1734253524318361,381.7276248734484,1148.1204355596217,420
24.855098052742992,70.91848052359288,5.117400520160722,0.4856240929010305,1.6393242749010284,195.293019281998,1148.1625916916946,421
25.01792852639301,62.84487863200616,5.121480364570862,3.923039013647184,2.1827847762272303,307.5854698606403,1148.2037506618449,422
24.079690536274583,74.33307136466304,5.227011627260504,6.670222406416917,2.7262452775534323,353.8632576711982,1148.243935987878,423
24.699839244195264,68.66272154451484,5.424506143055885,4.871281239667153,2.1431575208007323,221.2648651968782,1148.2831706361742,424
24.993873779399248,67.98854710875736,3.698881587995738,0.8894120940444123,1.5600697640480323,361.4432643865805,1148.3214770344646,425
24.011451592360515,70.34826885384756,5.065327830309304,4.743341101930178,1.6690559227104236,235.65634200188924,1148.3588770843198,426
24.72936992644576,62.64363577120077,3.408441715092382,5.970639561619784,0.9009218885088308,209.95490151320516,1148.3953921733566,427
24.83210213007409,77.96188666283423,6.561884157457558,6.451056301346545,1.9479019696576398,262.9363430743833,1148.431043187168,428
24.80335145373359,67.49692594602028,4.2205074828423,3.877391086847778,2.994882050806449,305.8865147071812,1148.4658505209793,429
24.375156151736288,64.41950738323412,5.082105693379014,4.819239316444338,1.3877085754795289,286.7681025105197,1148.4998340910454,430
25.19262938185912,64.01129508810433,4.814507200214519,7.858744278313858,3.0831775644624693,332.5493197228967,1148.5330133457828,431
24.65970108199956,85.48127269950969,6.109733478069418,4.952379617900848,0.8951577655195231,323.3723149560664,1148.565407276652,432
24.72504916513552,78.46675834774602,4.911302652335722,5.302655155815254,0.3560279207010708,360.5712464157233,1148.5970344287905,433
25.05936803968209,74.57821160049319,5.552880364398443,6.230893940430189,1.5062283330462498,266.98725850307306,1148.627912911403,434
24.58773653948007,67.42009588632813,3.7973319497684574,8.327476363671703,1.8620038578883418,283.0107163139562,1148.658060407915,435
24.67258349785731,69.13872812614477,5.265684656638724,5.489121457131066,2.2177793827304337,330.9618014260176,1148.6874941858948,436
24.99099633099589,57.96020087953805,5.0487509036827465,5.221010306223458,0.906846567060845,192.7957112168689,1148.7162311067466,437
24.595930151050347,63.450489953582206,3.752438252836096,8.419261632671596,2.201524448841112,264.94726905444014,1148.7442876351831,438
25.918242337730923,44.91412325307881,5.605804710287047,7.595123848764055,2.4061507413194114,256.92871622704666,1148.7716798484817,439
23.906712579474124,69.21966164763934,4.819422731292509,7.213210259938981,1.2312921453448291,283.42041673050056,1148.7984234455264,440
24.143037484370154,73.43077160563988,5.262096791435081,8.850654717132262,4.882591855954291,309.91211723395446,1148.8245337556427,441
25.87818829702717,68.65273407465882,7.257359134915304,4.151297241264053,2.2949520942158563,300.57143697620785,1148.8500257472322,442
24.78432734597807,94.08967824531378,5.567192999105145,8.327698005847251,1.1993528062753382,308.8086189448227,1148.874914036203,443
24.229985231858173,85.78131449797105,2.9875080949831507,1.7686694922949475,3.55323628094827,343.4685280374578,1148.8992128942143,444
24.51322449655799,64.84035983624055,5.947846258086745,6.145608575675465,2.705961115280503,361.28748967483534,1148.9229362567205,445
24.72271584802625,57.51641033761274,4.386753209574053,11.75780429597712,2.2682177614758947,325.18169631002473,1148.9460977308406,446
24.755832336120157,84.14117879486318,5.82897744299986,5.571155467525461,3.425856547051984,253.99242657806175,1148.9687106030397,447
25.76371528158535,58.48746438662509,5.126026459392835,0.1311602514501348,2.3341719434281685,236.85585396764367,1148.990787846634,448
24.72895451574132,82.99801799559192,5.162136142023295,10.166193258183352,1.9207560991593016,303.86428344350566,1149.0123421291248,449
24.54787864000398,85.14356030288819,3.91052742941878,5.96296575847758,2.4451513714394566,386.1619227579906,1149.0333858193603,450
23.66312847482344,66.7584270449978,5.438090450492219,7.510139233515519,2.5560335905273384,207.3321617085543,1149.0539309945343,451
23.77618122398439,42.72830278782743,4.638155478077889,6.647464495255956,3.4976294811762694,316.8940755321501,1149.0739894470207,452
25.138288067929945,95.78008069930048,5.625327695739879,10.252877241724793,1.5223380201721677,283.8183018035581,1149.0935726910511,453
24.96342520977199,68.50061223182905,4.680960768430198,4.392109252895903,2.1007742789471826,324.7016528617605,1149.112691969239,454
25.079428282025603,47.81008788055822,3.470726333008338,5.288976119143407,2.667490191591769,284.10737959031974,1149.1313582589478,455
25.428375799878463,62.023547380779135,5.682289465033365,5.680215727803052,4.819441826721208,285.5789567386508,1149.1495822785175,456
24.098369445795218,75.79401096121114,6.036815159308787,4.925360248772473,4.340744855207432,322.1192303048328,1149.1673744933432,457
24.714342321555375,69.98829174285741,5.168876200337141,4.170504769741894,3.862047883693655,235.319518655652,1149.1847451218125,458
24.720026275816952,64.41160306075574,4.41803514052761,5.076575180489453,2.2345199787290304,224.8074945816644,1149.201704141106,459
25.090549648339568,72.91521516160897,4.908127777072656,7.304836203829371,1.5481005937573813,240.94178437840336,1149.2182612928634,460
24.38617302574188,67.73674683780625,5.229856694561091,1.2356087185146416,1.9377245639426937,263.07559744749426,1149.2344260887169,461
25.765613404898357,59.27423225609184,5.085014246892017,6.167826819209057,1.1140822311128966,218.73841671293772,1149.2502078156942,462
25.64733573924292,82.83135948899738,4.336860004247172,4.572896136307199,3.965433134225185,158.3933635821186,1149.265615541501,463
23.78873855084133,72.440115524413,4.757883319180105,4.66015271292147,3.6297695909169407,200.23767991281795,1149.2806581196735,464
23.297474192935987,74.72255767965444,6.927901298626365,9.005591589982917,2.8478311555622744,291.6742651590712,1149.2953441946183,465
25.706219664585955,69.925379982645,6.039691797525879,4.307696741616394,2.065892720207608,383.11085040532447,1149.309682206528,466
25.233234170142385,60.36434767526701,5.269238969401519,4.404880742363398,1.8679366069998984,356.95711888166073,1149.323680396186,467
23.988527560689,78.55120751074404,5.855782679945786,5.6988629384642815,3.355540782546692,321.49148094011446,1149.3373468096593,468
24.86916635163356,57.99255227855961,6.9810894828866,5.466327793851878,1.2156905500476556,318.0457855002625,1149.3506893028805,469
24.307278698915937,67.46471330763363,6.596375086917026,6.367230708060738,1.4544389471412402,210.54633622362527,1149.3637155461222,470
24.158241985780812,76.07979207414645,3.7963589500722463,3.908541971705145,4.035639302723923,298.0385386878028,1149.3764330283705,471
25.089202808781444,76.33876271055001,3.751085767885176,4.451985277203493,2.8540120360344035,262.8073710042534,1149.3888490615905,472
24.545971757067196,67.53648826053681,6.330598727112631,5.352051689785848,1.3772722899952377,308.4492536227536,1149.4009707848977,473
24.982630867687917,73.79098671922941,5.293798920010183,4.064593688372951,1.21241975161286,213.9500854538647,1149.4128051686298,474
23.91462376250168,75.92554258285554,2.8585789642733848,8.633567561021001,2.0483141507034874,265.9135358590486,1149.424359018321,475
24.4852057952728,61.740115498144746,5.742029378891568,7.878042687614002,1.3550488253848938,220.10844644555425,1149.435638978587,476
25.198829396554217,73.52679115176355,3.895117737695493,2.659653244286761,2.229329435030014,304.8667178542254,1149.4466515369163,477
24.65552153200369,91.63363340225902,3.5016863509120366,2.1321558302549555,5.784438926977916,374.6718331269696,1149.457403027376,478
24.33258067125502,88.77947413146052,3.5743055935597834,6.114153301298899,1.2463132765200808,387.9281405895163,1149.467899634226,479
24.428162917022284,67.26094290995398,5.040774957510672,5.806815466155935,2.871323211192052,226.8039901297775,1149.4781473954529,480
25.817274418799936,69.75325841688857,3.2931423793116585,6.333249502420273,1.0356503822247056,355.42149035734,1149.4881522062176,481
24.74165367126804,78.03444114512882,2.696868703870402,3.3065116465126447,1.3649423720335008,188.2621693644965,1149.497919822227,482
24.01071432688521,74.10006204482322,5.090258325148272,2.619213278642101,2.94941521063031,188.16026891854688,1149.5074558630206,483
23.548434291071835,80.25363766797791,3.6947523765822137,5.4157498776308,4.2971785483969445,232.92562153165915,1149.5167658151838,484
24.60895720226268,92.60702463822844,3.913592796220083,1.940531733424962,3.038415897307352,234.11563630317508,1149.5258550354858,485
24.287038630546085,63.52450460758418,4.622528832443027,6.654282277682944,1.757782295972859,248.03714530467028,1149.5347287539423,486
23.78553802647353,64.14393975811669,6.123430748981956,4.742306606236553,2.4312463773174806,263.906673901324,1149.5433920768055,487
24.06447475296113,60.80920455046171,6.334383438597231,6.262566575027331,2.4300283031183314,278.95465469050833,1149.5518499894897,488
24.399176869606023,81.9323498159489,5.97845874697434,2.1441527756974312,1.9982105825587613,299.842158887794,1149.560107359419,489
24.296571880984903,56.501940587473925,5.139183172863561,4.617036668322043,0.558610753769887,203.9718610568333,1149.5681689388148,490
24.46917021122389,81.75932330651075,4.68588424233142,6.474323915255675,2.607740989947856,303.1499974014937,1149.5760393674186,491
24.79150730217357,82.3429690555993,4.223966689687221,4.290391046941098,2.017380937726795,306.0241558816114,1149.583723175144,492
25.41699101875354,64.58270872756336,5.004221183250772,3.777165249498756,3.5692301279034844,280.30488597111946,1149.5912247846734,493
24.640538112459065,66.4762006478571,5.047667010917671,5.214046951717065,0.3106091782486568,292.51083998797213,1149.5985485139902,494
25.000014250985863,63.24506865438792,5.985680447353714,4.118008231340048,3.531042346465723,306.1740262918028,1149.605698578851,495
25.3682211797438,61.356900811030336,4.777181514731235,7.61315597873931,3.346707003231817,270.2526213459325,1149.612679095202,496
24.613840267020077,73.91692170487704,5.56503991203697,1.5065247768703207,0.9162257411591386,294.8378857422806,1149.6194940815374,497
24.88582851162406,89.96537357664022,6.263197281188562,8.046597566087977,3.295818036608833,243.5279654648924,1149.6261474612006,498
24.15797641385633,82.188801582375,2.321316341188257,0.4492911487575677,2.9511217000458343,252.47159577546424,1149.6326430646352,499
25.063748089138087,93.49348701683532,5.630122141107256,5.648980456208947,2.606425363482836,289.65150885492284,1149.6389846315776,500
24.565307899164523,72.76487569043705,4.794205584092164,5.260798984732903,0.0561278581946464,325.7261142953796,1149.645175813204,501
24.049219496133997,66.01396685956772,6.480649755620077,9.64314080778784,3.0010508140576406,364.37841002585657,1149.651220174222,502
24.73930821032345,88.47919597893828,5.3191380533972605,10.309467990731513,3.345572568942321,163.46075137544423,1149.657121194915,503
24.74116564897128,77.58668680142868,5.913758769988762,8.644169950660075,2.479601546672767,295.27470559303333,1149.6628822731386,504
25.38453026341157,62.07146376568198,5.076179894790192,5.888275157913666,1.4042334312168532,291.5329351347535,1149.66850672627,505
25.842734582076307,54.21053579513124,4.109927973065977,6.85901209555393,3.813426871026927,157.1079741208985,1149.6739977931095,506
24.18783565180969,61.21906432399841,6.097988190911763,4.859235381015686,3.0335604728422063,268.4164200107899,1149.6793586357403,507
25.441754941211027,71.00537910767267,6.801797189284992,3.5732513136875257,1.970930917544914,171.0254389159628,1149.6845923413427,508
24.467682437088374,53.39785158661393,6.474477147680257,5.2594989442327895,1.212139682493652,221.62679377286344,1149.6897019239634,509
24.236160812377456,77.76132944866497,4.344633403818847,5.045300927114332,1.7427207473333493,272.22814862976406,1149.6946903262494,510
25.803323564034752,81.98352086394827,3.999258903989484,7.958599226319556,0.7603958525763224,322.8295034866647,1149.6995604211334,511
24.501712043483074,96.0755210816955,4.828763616341184,6.321385552975686,1.6227415490818742,254.77242587067508,1149.7043150134848,512
24.9439328244813,80.0725703149835,4.987678814246972,4.785187865282697,1.7763920489669467,317.23804419741026,1149.70895684172,513
24.96132684429566,79.00243074494804,5.152004621022307,3.824601065292857,1.9300425488520192,366.72016302992375,1149.7134885793737,514
23.489606565490934,64.42898161262636,5.23137904807893,3.41809138583055,2.768856277788626,279.53916062362833,1149.7179128366345,515
24.4464085261456,68.95042181119923,4.574955101073903,2.583410493537164,2.509998322815496,355.16505008752824,1149.722232161845,516
23.764533766803545,74.35230455910418,4.520564289389383,2.7600360956273087,2.7837521623624,343.4290049636306,1149.726449042964,517
24.67898631790506,89.46259849382483,5.7818331040725015,3.8032408591036617,3.7940817090895496,139.62210732652167,1149.730565908996,518
25.23333399839081,72.8672305427129,2.366826998781596,4.43149560528035,1.5783515929052874,267.48457803721027,1149.734585131386,519
25.57193724146473,76.18055373623373,5.449223062528475,6.71143383061062,0.4334019865004512,250.73335848969964,1149.738509025383,520
25.46185961501388,72.03370755510161,3.573387384346338,3.0625642590655504,2.5994094855867456,290.947126712241,1149.7423398513697,521
24.16326765790409,65.8225975290047,5.707900329313874,7.915624042922899,1.8156970713733829,257.3647955895668,1149.74607981616,522
24.768124224486705,66.94402158649481,4.299829884599377,7.391656624985558,2.106724520009097,305.7253226580955,1149.7497310742694,523
25.18870423106815,55.5580584474568,5.294918034712535,5.38140120542068,1.9896282262930065,354.08584972662413,1149.7532957291512,524
24.845048125820117,87.33606676749672,4.714095072140581,4.711967752998716,0.0781510880720821,317.00094939820707,1149.7567758344064,525
25.09855968848565,78.66936969305479,4.086484298685488,6.768303727907794,1.4099095638533257,167.91201713572988,1149.760173394964,526
25.71685981138218,66.50292453048793,6.100399708696085,3.4072027538488774,0.3327547322494755,186.2965187730178,1149.7634903682329,527
25.805415171068304,77.06296823489666,2.768445949039655,5.648940374351506,1.8244440707793503,204.6810204103057,1149.766728665227,528
24.75626113100065,84.69178742572183,5.227135073563121,8.646207195716805,0.6137288713255313,291.51716113243,1149.7698901516649,529
25.514848101245764,59.00945228816969,6.307379331554978,6.771872249598967,2.200386993145152,302.94336163143527,1149.772976649042,530
23.905632015580206,64.75166492800997,6.142161098237445,4.518707661684671,3.787045114964773,222.8610215958407,1149.7759899356763,531
23.15623564138407,86.00986622209054,5.3572426154220745,4.211686150285671,3.9001321539837166,272.4497358142495,1149.7789317477343,532
24.67196541134601,76.78508772420251,6.403988506149174,7.7169738012011075,0.7609840883492489,217.4656305355059,1149.7818037802258,533
25.51037412124477,80.01978333811351,3.6676255101853794,8.13749996390928,1.945704553905979,250.95875449543811,1149.7846076879805,534
25.602977838357795,69.5107194594565,6.285371944833717,3.2055174257407604,4.045214939492992,338.9947439306594,1149.7873450865995,535
