created_at,entry_id,Temperature(C),Turbidity(NTU),Dissolved_Oxygen(g/ml),PH,Ammonia(g/ml),Nitrate(g/ml),Population,Fish_Length(cm),Fish_Weight(g),Dia_Cultivo
2021-06-19 00:00:00+00:00,3909.267656,25.42808771,100,12.45818155,8.404279455,11512561.72,201.8387617,50,7.11,2.91,0
2021-06-20 00:00:00+00:00,7797.052418,25.94855694,100,12.93784493,8.393613002,0.45842,184.574415,50,7.5,3.85,1
2021-06-21 00:00:00+00:00,10405.66726,25.3493661,100,9.287424377,8.405416361,0.45842,172.3220641,50,7.89,4.79,2
2021-06-22 00:00:00+00:00,11598.5,25.05573454,100,9.776550687,8.333842019,808202.884,151.6537801,50,8.28,5.73,3
2021-06-23 00:00:00+00:00,13465.88019,24.50509185,100,7.238285144,8.325194401,1107520.765,146.9884185,50,8.67,6.67,4
2021-06-24 00:00:00+00:00,15726.75311,24.43269231,100,13.44020513,8.226844161,99222688.97,146.8681319,50,9.06,7.61,5
2021-06-25 00:00:00+00:00,17021.77335,24.77925683,100,9.362059226,8.169461321,13110.39055,144.8496583,50,9.45,8.55,6
2021-06-28 00:00:00+00:00,17938,25.04098898,100,12.93898846,7.954575383,1173644257,128.9517314,50,10.62,11.37,9
2021-06-29 00:00:00+00:00,20363.5,24.5987205,100,7.228903797,7.914159974,109932237.1,125.0595177,50,11.01,12.31,10
2021-06-30 00:00:00+00:00,23440,24.61923503,100,10.62856585,7.863893366,544107618.1,128.7476718,50,11.4,13.25,11
2021-07-01 00:00:00+00:00,26584.5,25.09692613,100,10.87435002,7.82183088,1423826937,134.8507685,50,11.79,14.19,12
2021-07-02 00:00:00+00:00,30153.65722,25.13818863,100,12.51005412,7.786021788,1229959041,137.7648196,50,12.18,15.13,13
2021-07-10 00:00:00+00:00,50517.8894,25.06902842,100,7.096092166,7.5816847,914800264.1,153.3302611,50,14.16,23.73,21
2021-07-11 00:00:00+00:00,53487.76618,25.05661765,100,9.156494853,7.566528243,5925.079539,157.3397059,50,14.39,24.82,22
2021-07-12 00:00:00+00:00,56333.61137,24.38441943,100,7.168209479,7.561144607,5070669.437,145.1582938,50,14.62,25.91,23
2021-07-13 00:00:00+00:00,59245.28214,24.49571523,100,14.03226697,7.537741912,761900207.2,142.0125247,50,14.85,26.97,24
2021-07-14 00:00:00+00:00,62089.37978,25.34503745,100,9.296372285,7.513500494,21586.95355,153.3602996,50,18.08,28.03,25
2021-07-15 00:00:00+00:00,64723.59669,24.85402893,100,7.549292562,7.517713802,7902.183616,157.4677686,50,15.31,29.12,26
2021-07-16 00:00:00+00:00,66696.75319,23.98111702,100,8.060144681,7.521577106,19545.81283,173.2468085,50,15.54,30.21,27
2021-07-17 00:00:00+00:00,68793.15333,24.28784957,100,7.643351013,7.488263905,35444493.42,147.3355834,50,15.73,31.4,28
2021-07-18 00:00:00+00:00,71881.41124,24.6965198,100,6.834395913,7.473355683,711665378.2,154.0791826,50,15.96,33.73,29
2021-07-19 00:00:00+00:00,74946.58605,24.61192351,100,6.199785152,7.454238425,2167496499,147.2508436,50,16.19,36.06,30
2021-07-20 00:00:00+00:00,77023.02799,24.58253817,100,3.022763359,7.437352036,6365.585752,128.9974555,50,16.42,38.39,31
2021-07-21 00:00:00+00:00,80247.63571,24.60357143,100,1.347442857,7.432172357,810631366.4,158.3285714,50,16.65,40.72,32
2021-07-22 00:00:00+00:00,84158.16199,24.30354361,100,4.251174455,7.422433956,6046911.401,187.6012461,50,16.88,43.05,33
2021-07-23 00:00:00+00:00,86846.71104,24.1529879,100,5.929104387,7.413743767,134.1237826,236.7685325,50,17.11,43.38,34
2021-07-24 00:00:00+00:00,91038.85196,24.38180334,100,5.501647315,7.39849135,16.60500665,319.8330914,50,17.34,47.71,35
2021-07-25 00:00:00+00:00,94962.14237,24.38147779,100,5.317044419,7.391121185,12.66636031,347.7175399,50,17.57,50.04,36
2021-07-26 00:00:00+00:00,99030.82181,24.15076463,100,5.403880319,7.383943231,11.92522658,369.849734,50,17.8,52.37,37
2021-07-27 00:00:00+00:00,102657.6636,24.09087602,100,5.337698487,7.363957939,221.8826473,360.3015134,50,18.03,54.7,38
2021-07-28 00:00:00+00:00,106179.8116,24.59605323,100,6.84910737,7.338048926,208.8336814,335.9135578,50,18.26,57.03,39
2021-07-29 00:00:00+00:00,109983.1652,24.6315893,36.80015736,5.458619984,7.300061825,55.33078306,362.3918175,50,18.49,59.36,40
2021-07-30 00:00:00+00:00,113151,24.42138247,10.07775443,35.0771417,7.31834347,19.73207983,418.9060342,50,18.72,61.69,41
2021-07-31 00:00:00+00:00,116143.87,24.40915944,8.371277799,38.18811044,7.310638801,10.80419144,469.9389371,50,18.92,64,42
2021-08-01 00:00:00+00:00,117795.5,24.62201003,19.34259259,38.68712191,7.298646852,8.121623704,472.5987654,50,19.18,64.44,43
2021-08-02 00:00:00+00:00,119010,24.51140511,84.43402583,37.65455867,7.290956732,6.394422706,472.47726,50,19.44,64.88,44
2021-08-03 00:00:00+00:00,120972.1597,24.57425887,68.08123249,37.02112465,7.273499048,21.22220516,557.5247432,50,19.7,65.32,45
2021-08-04 00:00:00+00:00,122922.5,24.93771331,71.88566553,33.36203868,7.255938754,353.5844572,672.9453925,50,19.96,65.76,46
2021-08-05 00:00:00+00:00,125479.4255,24.493,76.9592381,20.21585562,7.242321992,0.945320495,808.7074286,50,20.22,66.2,47
2021-08-06 00:00:00+00:00,127340,24.08333333,83.66666667,5.062333333,7.23069,0.469123333,937.6666667,50,20.48,66.64,48
2021-08-07 00:00:00+00:00,128172.3321,24.51206062,93.14131994,4.857238881,7.168155904,0.369691141,919.5609756,50,20.74,67.08,49
2021-08-08 00:00:00+00:00,130297.2879,24.07711781,89.92900697,9.184688589,7.156503615,0.53141355,829.7295296,50,21,67.52,50
2021-08-09 00:00:00+00:00,132604.3367,24.4131593,97.84443261,3.985948322,7.132628791,0.951073836,928.9307405,50,21.26,67.96,51
2021-08-10 00:00:00+00:00,135875.9276,23.88608736,92.45925728,5.300217473,7.132479188,0.397690767,905.8853861,50,21.52,68.4,52
2021-08-11 00:00:00+00:00,139972.5018,23.66034411,92.25638474,3.969556551,7.128279648,0.460328056,835.2961857,50,21.78,68.84,53
2021-08-12 00:00:00+00:00,143517.9695,23.41138466,93.00145085,3.527747189,7.119312717,0.342673925,927.6365615,50,22.04,69.28,54
2021-08-13 00:00:00+00:00,146754.1422,23.87712963,92.42703704,4.38310963,7.103786852,0.550005074,893.7733333,50,22.3,69.72,55
2021-08-14 00:00:00+00:00,149758.5741,24.4088467,91.3284384,5.292404011,7.09001712,0.544914599,985.6149713,50,22.52,70.2,56
2021-08-15 00:00:00+00:00,151993.4334,24.49491279,93.26215645,5.136950317,7.085052389,1.019336839,928.807611,50,22.63,74.13,57
2021-08-16 00:00:00+00:00,154666.8971,24.22608521,100,2.650321543,7.068276334,0.740784019,899.1864952,50,22.74,78.05,58
2021-08-17 00:00:00+00:00,156528.4708,23.61113813,100,3.175805447,7.072055837,0.703370078,914.9338521,50,22.85,81.97,59
2021-08-18 00:00:00+00:00,157498.2381,23.86309524,100,2.736142857,7.057180635,0.595003333,989.031746,50,22.96,85.89,60
2021-08-20 00:00:00+00:00,157884.5111,24.26388889,100,2.230333333,7.019246889,0.829878444,935.3777778,50,23.18,93.75,62
2021-08-21 00:00:00+00:00,158351.0571,23.80803571,100,1.945528571,7.022000429,0.980073571,930.6142857,50,23.93,97.65,63
2021-08-22 00:00:00+00:00,158919.3291,24.00158228,100,1.999860759,7.005493544,0.929842405,1067.43038,50,23.4,101.57,64
2021-08-23 00:00:00+00:00,159271,24.1875,100,1.808,6.98556,2.26339,1041,50,23.51,104.49,65
2021-08-27 00:00:00+00:00,159627.6977,25.31177326,100,1.49327907,6.93630686,1.150392907,843.627907,50,23.95,121.17,69
2021-08-28 00:00:00+00:00,160553.2765,24.66911765,100,1.602235294,6.942243294,1.117643,914.6470588,50,24.09,125.2,70
2021-08-29 00:00:00+00:00,161954.703,24.63522727,100,1.242406061,6.931026303,1.428828545,1005.612121,50,24.35,128.55,71
2021-08-30 00:00:00+00:00,163984.2633,24.30759804,100,1.660694678,6.920489328,1.725362185,950.3137255,50,24.6,131.9,72
2021-08-31 00:00:00+00:00,165616.6951,25.03734756,100,1.735378049,6.896318049,2721862.975,1098.207317,50,24.85,135.25,73
2021-09-01 00:00:00+00:00,166169.6731,25.04086538,100,1.532788462,6.896515769,3.291430577,1129.884615,50,25.1,138.6,74
2021-09-03 00:00:00+00:00,166676.1692,24.13269231,100,1.335661538,6.883803846,4.591867692,1151.569231,50,25.6,145.3,76
2021-09-04 00:00:00+00:00,167584.3742,23.86771472,100,1.33703681,6.870593558,3.595259387,1220.055215,50,25.85,148.65,77
2021-09-05 00:00:00+00:00,168817.4557,24.18077532,100,1.283626582,6.854168671,11.69659544,1134.132911,50,12.09,152,78
2021-09-15 00:00:00+00:00,169850.6111,25.09375,100,1.527222222,4.186976111,1.224456667,1015.777778,50,28.8,198.42,88
2021-09-16 00:00:00+00:00,172707.9,24.975,100,0.7019,3.112939,2.049072,991.9,50,29.07,205,89
2021-09-17 00:00:00+00:00,176039.4194,25.38709677,100,1.074451613,4.023335484,1.61751871,1096.612903,50,29.34,211.58,90
2021-09-18 00:00:00+00:00,179415.6056,25.48503521,100,0.935464789,4.083112113,2.306126479,1089.915493,50,29.61,218.16,91
2021-09-19 00:00:00+00:00,181987.7381,25.09375,100,1.130785714,4.023987857,4.225198333,1005.5,50,29.87,224.74,92
2021-09-24 00:00:00+00:00,198548.2,24.8125,100,0.6332,-0.239454,6.405882,977.6,50,31.23,257.64,97
2021-09-25 00:00:00+00:00,201807,24.59375,100,0.515,-0.318445,21.922395,814.5,50,31.45,264.2,98
2021-09-26 00:00:00+00:00,204705.8,23.7625,100,0.978,-0.162284,3.584882,1039.2,50,31.57,267.39,99
2021-09-27 00:00:00+00:00,210157.3333,24.84375,100,0.745833333,-0.306336667,7.118751667,1175.5,50,31.69,270.58,100
2021-09-28 00:00:00+00:00,212217,25.03125,100,0.5455,-0.49775,6.88251,1283,50,31.82,273.77,101
2021-09-29 00:00:00+00:00,214105.4286,25.16964286,100,0.649571429,-0.294448571,27.93985571,1169.285714,50,31.93,276.96,102
2021-09-30 00:00:00+00:00,216925.5,24.90625,100,0.538166667,-0.290445,28.57115833,1185.666667,50,32.05,280.15,103
2021-10-01 00:00:00+00:00,219365.2857,25.0625,100,0.376142857,-0.258132857,8.801972857,1183.142857,50,32.17,283.84,104
2021-10-11 00:00:00+00:00,243095.3913,27.46331522,100,1.345304348,4.457666957,18.03093848,1012.521739,50,33.31,313.72,114
2021-10-12 00:00:00+00:00,245072.906,26.74454698,100,1.730127517,3.722290738,6.219903826,1007.275168,50,33.38,316.18,115
2021-10-13 00:00:00+00:00,247125.8421,26.64144737,100,1.394947368,2.480257368,7.24207,987,50,33.45,318.64,116
2021-06-19 00:00:00+00:00,3909.267656,25.42808771,100,12.45818155,8.404279455,11512561.64,201.8387617,50,6.96,3.36,0
2021-06-20 00:00:00+00:00,7797.052418,25.94855694,100,12.93784493,8.393613002,0.38,184.574415,50,7.31,4.06,1
2021-06-21 00:00:00+00:00,10405.66726,25.3493661,100,9.287424377,8.405416361,0.38,172.3220641,50,7.66,4.76,2
2021-06-22 00:00:00+00:00,11598.5,25.05573454,100,9.776550687,8.333842019,808202.806,151.6537801,50,8.01,5.46,3
2021-06-23 00:00:00+00:00,13465.88019,24.50509185,100,7.238285144,8.325194401,1107520.687,146.9884185,50,8.36,6.16,4
2021-06-24 00:00:00+00:00,15726.75311,24.43269231,100,13.44020513,8.226844161,99222688.89,146.8681319,50,8.71,6.86,5
2021-06-25 00:00:00+00:00,17022.93208,24.80662934,100,11.33012717,8.167010202,16634.08024,144.7398844,50,9.06,7.56,6
2021-06-28 00:00:00+00:00,17937.31335,25.04133807,100,12.96190957,7.954575058,1175153498,128.9547844,50,10.11,9.66,9
2021-06-29 00:00:00+00:00,20283.03057,24.58917705,100,7.764977922,7.915406547,114838864.4,124.7560147,50,10.46,10.36,10
2021-06-30 00:00:00+00:00,23455.08158,24.62678957,100,12.50310967,7.862413582,642178330,128.5796867,50,10.81,11.06,11
2021-07-01 00:00:00+00:00,26635.19357,25.11236227,100,12.65279571,7.820677251,1104070867,135.0196546,50,11.16,11.76,12
2021-07-02 00:00:00+00:00,30620.28972,25.28977117,100,14.08249175,7.781728988,1052370948,142.6935129,50,11.51,12.46,13
2021-07-03 00:00:00+00:00,34744.81642,24.6485154,100,8.588158944,7.762290176,1058512959,136.0492669,50,11.91,13.1,14
2021-07-04 00:00:00+00:00,38724.01877,24.07596086,100,14.87379986,7.730314212,1323598666,127.063762,50,12.12,13.99,15
2021-07-05 00:00:00+00:00,40355.5,24.84375,100,21.983,7.70506,76537010.94,153,50,12.33,14.88,16
2021-07-06 00:00:00+00:00,40370.22222,24.5462963,100,8.401814815,7.683621481,1485.72588,117.5925926,50,12.54,15.77,17
2021-07-07 00:00:00+00:00,41345.1532,25.27195567,100,15.6597009,7.64329835,693205733.3,144.3608305,50,12.75,16.66,18
2021-07-08 00:00:00+00:00,43748.82454,25.59919725,100,12.83432683,7.627598372,2788190535,141.9713303,50,12.96,17.55,19
2021-07-09 00:00:00+00:00,46031.27827,24.95616264,100,6.742410419,7.61469986,890998570.2,144.1562897,50,13.17,18.44,20
2021-07-10 00:00:00+00:00,49645.1374,24.6363874,100,8.341687575,7.591707652,2140851930,146.797491,50,13.38,19.33,21
2021-07-11 00:00:00+00:00,53399.7287,25.02641445,100,9.111304022,7.568755562,5571.478949,156.862304,50,13.59,20.22,22
2021-07-12 00:00:00+00:00,56333.61137,24.38441943,100,7.168209479,7.561144607,5070669.406,145.1582938,50,13.8,21.11,23
2021-07-13 00:00:00+00:00,59245.28214,24.49571523,100,14.03226697,7.537741912,761299020.6,142.0125247,50,14.01,22,24
2021-07-14 00:00:00+00:00,62089.37978,25.34503745,100,9.296372285,7.513500494,21586.95355,153.3602996,50,14.22,22.89,25
2021-07-15 00:00:00+00:00,64723.59669,24.85402893,100,7.549292562,7.517713802,7902.183616,157.4677686,50,14.43,23.78,26
2021-07-16 00:00:00+00:00,66696.75319,23.98111702,100,8.060144681,7.521577106,19545.81283,173.2468085,50,14.64,24.67,27
2021-07-17 00:00:00+00:00,68793.15333,24.28784957,100,7.643351013,7.488263905,35444493.38,147.3355834,50,14.91,25.5,28
2021-07-18 00:00:00+00:00,71881.41124,24.6965198,100,6.834395913,7.473355683,711083002.7,154.0791826,50,15.11,27,29
2021-07-19 00:00:00+00:00,74946.58605,24.61192351,100,6.199785152,7.454238425,2168558367,147.2508436,50,15.31,28.5,30
2021-07-20 00:00:00+00:00,77023.02799,24.58253817,100,3.022763359,7.437352036,6365.507532,128.9974555,50,15.51,30,31
2021-07-21 00:00:00+00:00,80247.63571,24.60357143,100,1.347442857,7.432172357,810631366.4,158.3285714,50,15.71,31.5,32
2021-07-22 00:00:00+00:00,84158.16199,24.30354361,100,4.251174455,7.422433956,6046911.4,187.6012461,50,15.91,33,33
2021-07-23 00:00:00+00:00,86846.71104,24.1529879,100,5.929104387,7.413743767,134.1237826,236.7685325,50,16.11,34.5,34
2021-07-24 00:00:00+00:00,91038.85196,24.38180334,100,5.501647315,7.39849135,16.60500665,319.8330914,50,16.31,36,35
2021-07-25 00:00:00+00:00,94962.14237,24.38147779,100,5.317044419,7.391121185,12.66636031,347.7175399,50,16.51,37.5,36
2021-07-26 00:00:00+00:00,99030.82181,24.15076463,100,5.403880319,7.383943231,11.92522658,369.849734,50,16.71,39,37
2021-07-27 00:00:00+00:00,102657.6636,24.09087602,100,5.337698487,7.363957939,221.8826473,360.3015134,50,16.91,40.5,38
2021-07-28 00:00:00+00:00,106179.8116,24.59605323,100,6.84910737,7.338048926,208.8336814,335.9135578,50,17.11,42,39
2021-07-29 00:00:00+00:00,109983.1652,24.6315893,36.80015736,5.458619984,7.300061825,55.33078306,362.3918175,50,17.31,43.5,40
2021-07-30 00:00:00+00:00,113151,24.42138247,10.07775443,35.0771417,7.31834347,19.73207983,418.9060342,50,17.51,45,41
2021-07-31 00:00:00+00:00,116143.87,24.40915944,8.371277799,38.18811044,7.310638801,10.80419144,469.9389371,50,17.75,46.5,42
2021-08-01 00:00:00+00:00,117795.5,24.62201003,19.34259259,38.68712191,7.298646852,8.121623704,472.5987654,50,18,47.96,43
2021-08-02 00:00:00+00:00,119010,24.51140511,84.43402583,37.65455867,7.290956732,6.394422706,472.47726,50,18.23,49.42,44
2021-08-03 00:00:00+00:00,120972.1597,24.57425887,68.08123249,37.02112465,7.273499048,21.22220516,557.5247432,50,18.47,50.88,45
2021-08-04 00:00:00+00:00,122922.5,24.93771331,71.88566553,33.36203868,7.255938754,353.5844572,672.9453925,50,18.71,52.34,46
2021-08-05 00:00:00+00:00,125479.4255,24.493,76.9592381,20.21585562,7.242321992,0.945320495,808.7074286,50,18.95,53.8,47
2021-08-06 00:00:00+00:00,127340,24.08333333,83.66666667,5.062333333,7.23069,0.469123333,937.6666667,50,19.19,55.26,48
2021-08-07 00:00:00+00:00,128172.3321,24.51206062,93.14131994,4.857238881,7.168155904,0.369691141,919.5609756,50,19.43,56.72,49
2021-08-08 00:00:00+00:00,130297.2879,24.07711781,89.92900697,9.184688589,7.156503615,0.53141355,829.7295296,50,19.67,58.18,50
2021-08-09 00:00:00+00:00,132604.3367,24.4131593,97.84443261,3.985948322,7.132628791,0.951073836,928.9307405,50,20.01,59.64,51
2021-08-10 00:00:00+00:00,135875.9276,23.88608736,92.45925728,5.300217473,7.132479188,0.397690767,905.8853861,50,20.25,61.01,52
2021-08-11 00:00:00+00:00,139972.5018,23.66034411,92.25638474,3.969556551,7.128279648,0.460328056,835.2961857,50,20.49,62.56,53
2021-08-12 00:00:00+00:00,143517.9695,23.41138466,93.00145085,3.527747189,7.119312717,0.342673925,927.6365615,50,20.73,64.02,54
2021-08-13 00:00:00+00:00,146754.1422,23.87712963,92.42703704,4.38310963,7.103786852,0.550005074,893.7733333,50,20.97,65.48,55
2021-08-14 00:00:00+00:00,149758.5741,24.4088467,91.3284384,5.292404011,7.09001712,0.544914599,985.6149713,50,21.12,67,56
2021-08-15 00:00:00+00:00,151993.4334,24.49491279,93.26215645,5.136950317,7.085052389,1.019336839,928.807611,50,21.33,70.6,57
2021-08-16 00:00:00+00:00,154666.8971,24.22608521,100,2.650321543,7.068276334,0.740784019,899.1864952,50,21.54,74.2,58
2021-08-17 00:00:00+00:00,156528.4708,23.61113813,100,3.175805447,7.072055837,0.703370078,914.9338521,50,21.75,77.8,59
2021-08-18 00:00:00+00:00,157498.2381,23.86309524,100,2.736142857,7.057180635,0.595003333,989.031746,50,21.96,81.4,60
2021-08-20 00:00:00+00:00,157884.5111,24.26388889,100,2.230333333,7.019246889,0.829878444,935.3777778,50,22.38,88.6,62
2021-08-21 00:00:00+00:00,158351.0571,23.80803571,100,1.945528571,7.022000429,0.980073571,930.6142857,50,22.59,92.2,63
2021-08-22 00:00:00+00:00,158919.3291,24.00158228,100,1.999860759,7.005493544,0.929842405,1067.43038,50,22.81,95.8,64
2021-08-23 00:00:00+00:00,159271,24.1875,100,1.808,6.98556,2.26339,1041,50,23.01,99.4,65
2021-08-27 00:00:00+00:00,159627.6977,25.31177326,100,1.49327907,6.93630686,1.150392907,843.627907,50,23.85,113.8,69
2021-08-28 00:00:00+00:00,160553.2765,24.66911765,100,1.602235294,6.942243294,1.117643,914.6470588,50,24.1,117.4,70
2021-08-29 00:00:00+00:00,161954.703,24.63522727,100,1.242406061,6.931026303,1.428828545,1005.612121,50,24.31,120.5,71
2021-08-30 00:00:00+00:00,163984.2633,24.30759804,100,1.660694678,6.920489328,1.725362185,950.3137255,50,24.51,123.6,72
2021-08-31 00:00:00+00:00,165616.6951,25.03734756,100,1.735378049,6.896318049,2721862.974,1098.207317,50,24.71,126.7,73
2021-09-01 00:00:00+00:00,166169.6731,25.04086538,100,1.532788462,6.896515769,3.291430577,1129.884615,50,24.91,129.8,74
2021-09-03 00:00:00+00:00,166676.1692,24.13269231,100,1.335661538,6.883803846,4.591867692,1151.569231,50,25.31,136,76
2021-09-04 00:00:00+00:00,167584.3742,23.86771472,100,1.33703681,6.870593558,3.595259387,1220.055215,50,25.51,139.1,77
2021-09-05 00:00:00+00:00,168817.4557,24.18077532,100,1.283626582,6.854168671,11.69659544,1134.132911,50,25.71,142.2,78
2021-09-15 00:00:00+00:00,169850.6111,25.09375,100,1.527222222,4.186976111,1.224456667,1015.777778,50,28.47,198.44,88
2021-09-16 00:00:00+00:00,172707.9,24.975,100,0.7019,3.112939,2.049072,991.9,50,28.83,207.85,89
2021-09-17 00:00:00+00:00,176039.4194,25.38709677,100,1.074451613,4.023335484,1.61751871,1096.612903,50,29.19,217.26,90
2021-09-18 00:00:00+00:00,179415.6056,25.48503521,100,0.935464789,4.083112113,2.306126479,1089.915493,50,29.55,226.67,91
2021-09-19 00:00:00+00:00,181987.7381,25.09375,100,1.130785714,4.023987857,4.225198333,1005.5,50,29.91,236.08,92
2021-09-21 00:00:00+00:00,190579.5,25.49900735,100,3.218557647,0.299451341,3.629212306,985.4152941,50,30.63,254.9,94
2021-09-22 00:00:00+00:00,192946,24.99159248,100,3.2,0.123570356,5.176049047,965.013518,50,30.99,264.31,95
2021-09-23 00:00:00+00:00,195976,24.91643954,100,3.2,-0.063241064,4.890425828,990.6481665,50,31.35,273.72,96
2021-09-24 00:00:00+00:00,199086,24.96809427,100,3.195980583,-0.254252744,6.00532156,970.1149389,50,31.71,283.23,97
2021-09-25 00:00:00+00:00,202423.5,24.43378446,100,3.198457783,-0.232930014,8.130609805,916.3561172,50,32.09,292.6,98
2021-09-26 00:00:00+00:00,205946,23.98337075,100,3.196881841,-0.205505125,3.746033099,1036.420432,50,32.14,293.7,99
2021-09-27 00:00:00+00:00,209470,24.68988522,100,3.195774749,-0.283978473,8.055918869,1040.438451,50,32.19,294.8,100
2021-09-28 00:00:00+00:00,212191.5,25.14670582,100,3.19728856,-0.382470965,13.07226554,1197.886108,50,32.24,295.9,101
2021-09-29 00:00:00+00:00,214722,25.09736545,100,3.194246536,-0.242277844,20.04792226,1202.968095,50,32.29,297,102
2021-09-30 00:00:00+00:00,217498,25.12048285,100,3.193478563,-0.256414655,21.16295711,1194.026541,50,32.34,298.1,103
2021-10-01 00:00:00+00:00,220458,25.2349467,100,3.194305099,-0.262811112,19.81387117,1159.788822,50,32.39,299.2,104
2021-10-02 00:00:00+00:00,223692,25.46141975,100,3.2,-0.039399209,40.34136952,1133.08375,50,32.44,300.3,105
2021-10-03 00:00:00+00:00,225698,25.95086207,100,3.2,-0.326594818,25.92499664,1169.424631,50,32.49,301.4,106
2021-10-04 00:00:00+00:00,227207.5,26.01125873,100,3.2,-0.589783678,17.84701956,1263.76996,50,32.54,302.5,107
2021-10-05 00:00:00+00:00,230351,26.09258989,100,3.2,-0.134914151,690.6469147,1120.181648,50,32.59,303.6,108
2021-10-06 00:00:00+00:00,233132.5,25.96591797,100,3.2,-0.151921891,46.37464048,1088.803125,50,32.64,304.7,109
2021-10-07 00:00:00+00:00,234558.5,25.46580789,100,3.2,-0.094368499,361.256259,1204.370865,50,32.69,305.8,110
2021-10-08 00:00:00+00:00,237165,25.66698709,100,3.2,-0.160443999,285080703.1,1198.910464,50,32.74001373,306.9003021,111
2021-10-09 00:00:00+00:00,239390.5,25.91003086,100,3.2,-0.176620358,1071.375248,1070.87037,50,32.79,308,112
2021-10-10 00:00:00+00:00,240676,25.35949035,100,3.2,-0.177710721,40.89025779,1072.140261,50,32.94,312.15,113
2021-10-11 00:00:00+00:00,242524.5,26.14876033,100,3.155931818,2.268259861,25.75998815,1035.919938,50,33.09,316.3,114
2021-10-12 00:00:00+00:00,245152,26.74661042,100,3.134012956,3.696792926,5.74562157,1022.289244,50,33.24,320.45,115
2021-10-13 00:00:00+00:00,247135,26.63552937,100,3.146992272,2.46624915,7.333665564,988.1777434,50,33.39,324.6,116
2021-10-14 00:00:00+00:00,247459,25.875,100,3.2,2.73662,7.9762,914,50,33.54,328.75,117
2021-10-21 00:00:00+00:00,247460,25.6875,100,3.2,0.13096,20.26944,1146,50,24.59,357.8,124
2021-10-23 00:00:00+00:00,247731.5,25.42666052,100,3.2,0.116593303,4609154728,921.3579336,50,34.83,366.1,126
2021-10-24 00:00:00+00:00,249624.5,25.75468172,100,3.199093095,0.074565971,559.7404254,1089.100801,50,34.9,369.67,127
2021-10-25 00:00:00+00:00,252819,26.21730922,100,3.2,0.00875103,46.14134997,1055.73132,50,34.97,373.24,128
2021-10-26 00:00:00+00:00,255799.5,25.36587802,93.41370739,4.655979759,-0.438263654,3740347823,979.2950994,50,35.04,376.81,129
2021-10-27 00:00:00+00:00,258709,25.30044955,70.12021312,18.33752547,-1.845358139,765200771.6,1046.174492,50,35.11,380.38,130
2021-10-28 00:00:00+00:00,261564.5,25.63894018,55.56573117,34.95452326,-1.879335292,3113478068,875.4682422,50,35.18,383.95,131
2021-10-29 00:00:00+00:00,264430.5,25.66321511,55.7526455,28.03243585,-1.87737122,198.6513277,1073.905423,50,35.25,387.52,132
2021-10-30 00:00:00+00:00,267325.5,26.125,55.00723066,16.54574367,-1.873193792,15704.62762,973.4844541,50,35.32,391.09,133
2021-10-31 00:00:00+00:00,269040.5,26.21827937,58.05120482,11.36500301,-1.840801054,279402289.2,975.8012048,50,35.39,394.66,134
2021-06-19 00:00:00+00:00,4035.739445,24.83022212,31.63453056,15.1538201,7.302892826,5.478445416,118.2718967,50,6.74,3.2,0
2021-06-20 00:00:00+00:00,7840.540532,25.51245359,21.27939356,14.19448639,7.289150783,8.429881067,110.8066213,50,7.17,3.81,1
2021-06-21 00:00:00+00:00,10491.92648,24.86601921,15.94569758,7.531248956,7.292191813,9.810809783,103.9857978,50,7.52,4.42,2
2021-06-22 00:00:00+00:00,11731.5,24.27190564,41.13235294,7.87029902,7.304002173,inf,97.19934641,50,7.91,5.03,3
2021-06-23 00:00:00+00:00,13672.5,23.84734763,36.93190369,4.839228367,7.329166595,30.97841108,106.8702032,50,8.3,5.64,4
2021-06-24 00:00:00+00:00,15877,23.66511993,67.88349515,7.962836665,7.317485951,41.12035497,100.2712736,50,8.69,6.25,5
2021-06-25 00:00:00+00:00,17489,24.49974542,90.93211134,7.245348948,7.29835461,25.5907724,109.0577054,50,9.08,6.86,6
2021-06-28 00:00:00+00:00,18689.5,24.21349677,96.68211207,10.19779526,7.29766417,inf,106.9471983,50,10.25,8.69,9
2021-06-29 00:00:00+00:00,21106.5,23.83770161,99.5640041,6.445153354,7.29739682,72.13092143,98.76830517,50,10.64,9.3,10
2021-06-30 00:00:00+00:00,24241.5,23.87944162,98.8286802,8.26008291,7.298557153,74.62341607,107.3164129,50,11.03,9.91,11
2021-07-01 00:00:00+00:00,27440,24.37000992,97.41309199,7.10938061,7.934573938,26.40303507,199.7832879,50,11.42,10.52,12
2021-07-02 00:00:00+00:00,31466.5,24.55466418,95.2800995,7.30355796,7.240642433,15.88466002,118.8987562,50,11.81,11.13,13
2021-07-03 00:00:00+00:00,35581.5,23.9160481,94.14726841,5.958913777,6.693921038,28.29242619,103.7833729,50,12.24,11.7,14
2021-07-04 00:00:00+00:00,39384,23.35307437,88.64270987,9.070821797,6.597147918,40.50510932,101.2153166,50,12.42,12.98,15
2021-07-06 00:00:00+00:00,41095.5,23.75223214,23.85714286,10.93296429,7.312236786,26.213585,117.6071429,50,12.78,15.54,17
2021-07-07 00:00:00+00:00,42292,24.47256871,26.62959831,14.5942592,7.300309869,21.44585895,124.6486258,50,12.96,16.82,18
2021-07-08 00:00:00+00:00,44410,24.58257616,14.01549973,15.56377392,7.30613201,18.12419674,129.7819348,50,13.14,18.1,19
2021-07-09 00:00:00+00:00,46758.5,24.12415959,27.58917197,12.50730184,7.308301638,24.55973694,126.8733192,50,13.32,19.38,20
2021-07-10 00:00:00+00:00,50207,23.82842054,34.72316384,8.555214444,7.311437234,23.88900315,128.5485139,50,13.5,20.66,21
2021-07-11 00:00:00+00:00,53932.5,24.14963018,53.92662722,7.684595266,7.311991296,35.53215299,127.6307692,50,13.68,21.94,22
2021-07-12 00:00:00+00:00,57013.5,23.64995956,68.10352265,11.30408375,7.315689515,71.32435181,122.7652768,50,13.86,23.22,23
2021-07-13 00:00:00+00:00,59883.5,23.50927569,80.71298174,11.84995673,7.315622674,42.78983392,140.9577417,50,14.04,24.5,24
2021-07-14 00:00:00+00:00,62773.5,24.28641035,79.1335932,9.600890858,7.311217137,18.68214597,143.1350106,50,14.22,25.78,25
2021-07-15 00:00:00+00:00,65588,23.92850463,81.14143213,10.45045458,7.312488564,19.40192273,139.5486284,50,14.4,27.06,26
2021-07-16 00:00:00+00:00,67542,23.20146458,71.18437784,14.39196276,7.674313651,51.88767903,149.311535,50,14.58,28.34,27
2021-07-17 00:00:00+00:00,69620,23.44275777,73.98101473,11.89547791,7.356918308,inf,143.7597381,50,14.77,29.6,28
2021-07-18 00:00:00+00:00,72704,23.88660456,77.11050434,15.49412753,7.323205875,inf,134.8027626,50,14.88,30.49,29
2021-07-19 00:00:00+00:00,75211.5,23.76432702,85.76866456,12.68502366,7.325794301,312.4969884,147.4374343,50,14.99,31.38,30
2021-07-20 00:00:00+00:00,76464.5,24.38379553,79.93543046,6.424281457,7.324951523,inf,177.7284768,50,15.1,32.27,31
2021-07-21 00:00:00+00:00,78431,23.87528162,66.68308801,8.742971463,7.320629751,inf,272.7656954,50,15.21,33.16,32
2021-07-22 00:00:00+00:00,81745.5,23.53136364,87.66454545,5.123339394,7.327044473,inf,352.0227273,50,15.32,34.05,33
2021-07-23 00:00:00+00:00,85040.5,23.46525456,86.0775076,7.078777508,7.317408626,inf,381.518541,50,15.43,34.94,34
2021-07-24 00:00:00+00:00,88842,23.53453223,86.10224901,5.601690239,7.207266323,inf,437.9316021,50,15.54,35.83,35
2021-07-25 00:00:00+00:00,93194.5,23.60005408,93.92554645,5.486990209,7.102975041,inf,465.4959016,50,15.65,36.72,36
2021-07-26 00:00:00+00:00,97224,23.41295678,92.57294791,4.770089174,7.113266943,752776.828,449.3708754,50,15.76,37.61,37
2021-07-27 00:00:00+00:00,100807.5,23.33558929,88.53314286,5.552066857,7.238073354,688192.3822,471.7465714,50,15.87,38.5,38
2021-07-28 00:00:00+00:00,104355,23.56484701,91.79721836,5.005029207,7.193844278,inf,487.9182197,50,15.98,39.39,39
2021-07-29 00:00:00+00:00,107954,23.80443381,99.57979462,5.20498751,7.363153475,37117.25855,567.847627,50,16.09,40.28,40
2021-07-30 00:00:00+00:00,111413,23.77564103,100,5.153549321,7.418394522,9406.87927,614.5547511,50,16.2,41.11,41
2021-07-31 00:00:00+00:00,114409,23.806243,99.97347777,14.18522749,7.32082768,inf,660.0395966,50,16.25,42,42
2021-08-01 00:00:00+00:00,116073.5,23.98188267,99.96779141,16.52242025,7.219520153,4758.823454,540.1119632,50,16.54,42.52,43
2021-08-02 00:00:00+00:00,117297,23.8435585,99.98718663,4.006751532,7.325422117,4390.0106,486.7214485,50,16.83,43.04,44
2021-08-03 00:00:00+00:00,119266.5,23.84564482,99.99860075,7.847578358,7.347229641,inf,458.3008396,50,17.12,43.56,45
2021-08-04 00:00:00+00:00,121213.5,24.29235714,100,3.856310286,7.233312709,555.5987023,548.1988571,50,17.41,44.08,46
2021-08-05 00:00:00+00:00,123858,23.9363874,100,4.520181972,7.319209828,inf,619.46256,50,17.7,44.6,47
2021-08-06 00:00:00+00:00,125629,23.45833333,100,5.561666667,7.412266667,144.3361233,595.3333333,50,17.99,45.12,48
2021-08-07 00:00:00+00:00,126489,23.78832994,100,5.095891089,7.438186325,64.77744818,540.3447874,50,18.28,45.64,49
2021-08-08 00:00:00+00:00,128527.5,23.43490466,100,5.065730932,7.421198555,inf,530.004661,50,18.57,46.16,50
2021-08-09 00:00:00+00:00,130840.5,23.64910635,100,4.941473963,7.458718301,inf,579.288173,50,18.86,46.68,51
2021-08-10 00:00:00+00:00,134164,23.20898482,100,4.572593244,7.438631066,5.508082362,623.3072358,50,19.15,47.2,52
2021-08-11 00:00:00+00:00,138191,22.94605908,100,4.914860877,7.368858519,4.482398124,710.0574462,50,19.44,47.72,53
2021-08-12 00:00:00+00:00,141741,22.65766341,100,4.940671141,7.339865789,1.739895568,844.7855267,50,19.73,48.24,54
2021-08-13 00:00:00+00:00,144952,23.11116444,100,4.936563272,7.322599933,0.563897613,813.0764608,50,20.02,48.76,55
2021-08-14 00:00:00+00:00,148002.5,23.648684,100,4.82767933,7.344424459,0.256379691,793.5869285,50,20.31,49.3,56
2021-08-15 00:00:00+00:00,150682.5,23.73156056,100,4.804171251,7.304349947,0.193381801,761.933008,50,20.74,57.01,57
2021-08-16 00:00:00+00:00,152910.5,23.48975363,100,4.84239782,7.284241971,0.141857357,731.0290645,50,21.17,64.72,58
2021-08-17 00:00:00+00:00,154769.5,22.96091689,100,4.958868734,7.226157685,0.117981702,739.4478892,50,21.6,72.43,59
2021-08-18 00:00:00+00:00,155702,23.07861748,100,4.871853868,7.255413639,0.082715874,720.747851,50,22.03,80.14,60
2021-08-20 00:00:00+00:00,156060.5,23.3189538,100,4.81107337,7.276809728,0.006559103,679.875,50,22.89,95.56,62
2021-08-21 00:00:00+00:00,156528,22.96593915,100,4.845322751,7.182785996,0.007864709,660.1746032,50,23.32,103.27,63
2021-08-22 00:00:00+00:00,157134,23.2000969,100,4.775311628,7.139891287,0.005615736,678.7302326,50,23.75,110.98,64
2021-08-23 00:00:00+00:00,157465,23.39338235,100,5.409647059,7.170871765,0.005083529,648.2352941,50,24.18,118.69,65
2021-08-27 00:00:00+00:00,157793.5,24.26669922,100,4.637595313,7.304545828,0.001069547,511.559375,50,25.9,149.53,69
2021-08-28 00:00:00+00:00,158783,23.75009335,100,4.624725915,7.377906751,0.000986916,593.9917849,50,26.33,157.3,70
2021-08-29 00:00:00+00:00,160126.5,23.70400593,100,4.670800445,7.220325334,0.000661202,699.3152819,50,26.42,158.15,71
2021-08-30 00:00:00+00:00,162176,23.88926754,100,4.633334424,7.036627063,0.000406394,738.5332606,50,26.51,159,72
2021-08-31 00:00:00+00:00,163850,24.1165201,100,4.87280067,7.141098794,0.000753769,782.2328308,50,26.6,159.85,73
2021-09-01 00:00:00+00:00,164418.5,24.15034722,100,4.593890741,7.117570722,0.000686981,717.9925926,50,26.69,160.7,74
2021-09-03 00:00:00+00:00,164948.5,23.29338942,100,4.565526923,7.141870596,0.000504135,639.7615385,50,26.87,162.4,76
2021-09-04 00:00:00+00:00,165846,22.91784314,100,4.569484706,7.22048338,0.000524071,650.5011765,50,26.96,163.25,77
2021-09-05 00:00:00+00:00,166944.5,23.20715835,100,4.662084599,7.20498743,0.000473948,674.4685466,50,27.05,164.1,78
2021-09-15 00:00:00+00:00,167891,24.06352987,94.71987642,5.063187436,3.687385149,3.76E-05,556.1905252,50,28.88,200.52,88
2021-09-16 00:00:00+00:00,169951,23.50916958,100,5.063147348,4.362782236,0.00011838,462.0790727,50,29.21,208.35,89
2021-09-17 00:00:00+00:00,172099.5,23.87140679,100,5.06608101,3.877110653,0.000165192,445.2587108,50,29.54,216.18,90
2021-10-04 00:00:00+00:00,172674,25,100,5.08,4.7703,0,3640,50,32.45,280.96,107
2021-10-12 00:00:00+00:00,172688,25.49796296,100,5.08,0.807177037,1.85E-06,641.2222222,50,33,294.92,115
2021-06-19 00:00:00+00:00,3679.994519,25.39341384,80.54710517,13.88954128,8.445052138,14.37017611,658.8790682,75,,3.07,0
2021-06-20 00:00:00+00:00,7590.805792,25.93860733,81.80102215,15.21466167,8.372958889,45.15094703,567.4691652,75,,3.86,1
2021-06-21 00:00:00+00:00,10188.3957,25.40342435,80.04297225,14.12571531,8.334994664,94.88045833,518.3303491,75,,4.65,2
2021-06-22 00:00:00+00:00,11394.10696,25.00610144,85.83786078,7.170468591,8.248894117,inf,502.2852292,75,,5.44,3
2021-06-23 00:00:00+00:00,13302.17729,24.54882271,81.59200633,7.355761773,8.21658928,4219.874265,484.4285714,75,,6.23,4
2021-06-24 00:00:00+00:00,15622.74956,24.52229789,82.89279438,14.85725835,8.148476626,6119.279664,474.1836555,75,,7.02,5
2021-06-25 00:00:00+00:00,17218.93333,25.50996622,98.53783784,11.24234865,8.091994964,1709.435272,473.0666667,75,,7.81,6
2021-06-28 00:00:00+00:00,18308.07089,25.18736574,100,8.96424812,7.95234797,inf,463.1503759,75,,10.18,9
2021-06-29 00:00:00+00:00,20555.9776,24.72630942,100,8.891571602,7.929709709,554.9074172,457.4072056,75,,10.97,10
2021-06-30 00:00:00+00:00,23352.08297,24.40422953,99.99784483,13.79699246,7.907769224,1454.345,448.5581897,75,,11.76,11
2021-07-02 00:00:00+00:00,24980.47967,25.85307547,100,16.65960579,7.828003501,471.0481159,492.6850448,75,,13.34,13
2021-07-03 00:00:00+00:00,28111.57669,24.76300304,100,14.22037434,7.826738554,708.9379212,462.3003037,75,,14.1,14
2021-07-04 00:00:00+00:00,32116.001,24.24556028,99.93396698,19.58790645,7.81789919,2070.322747,454.4907454,75,,16.32,15
2021-07-06 00:00:00+00:00,33693,24.80965909,99.31818182,8.031409091,7.781404545,510.4814382,472.2272727,75,,20.76,17
2021-07-07 00:00:00+00:00,34762.00787,25.5075236,99.26042486,14.0154705,7.746306829,1056.212033,485.2391817,75,,22.98,18
2021-07-08 00:00:00+00:00,36973.1917,25.71390415,99.68376068,13.42631013,7.731105263,551.2320872,494.5738706,75,,25.2,19
2021-07-09 00:00:00+00:00,39160.33735,25.09691265,99.97831325,12.06993253,7.715638735,inf,488.1277108,75,,27.42,20
2021-07-10 00:00:00+00:00,41936.02567,24.92811883,99.93745885,14.16801053,7.700255602,inf,479.5194207,75,,29.42,21
2021-07-11 00:00:00+00:00,45748.53135,25.44606023,100,13.47112376,7.682420396,inf,492.3448845,75,,31.64,22
2021-07-12 00:00:00+00:00,48491.11754,24.50583022,99.99813433,17.46995522,7.67982791,inf,500.3488806,75,,31.86,23
2021-07-13 00:00:00+00:00,51413.36512,24.15166248,99.99498118,17.16306901,7.672227716,inf,533.2634881,75,,32.08,24
2021-07-14 00:00:00+00:00,54110.54587,25.27478203,99.84912813,16.48628431,7.650863283,inf,524.0416983,75,,32.3,25
2021-07-15 00:00:00+00:00,56883.96536,24.964254,100,15.21596004,7.639909192,inf,528.0790409,75,,32.52,26
2021-07-16 00:00:00+00:00,58449.73469,24.2372449,100,15.70620408,7.685376735,2309539.501,485.5714286,75,,32.74,27
2021-07-17 00:00:00+00:00,62184.66184,25.28774155,100,10.37561836,7.621343043,inf,553.410628,75,,45.2,28
2021-07-18 00:00:00+00:00,63643.16,24.6965,100,10.684312,7.63960272,inf,552.208,75,,47.09,29
2021-07-19 00:00:00+00:00,67920.22549,25.17401961,100,10.39139216,7.603098725,inf,550.2058824,75,,48.98,30
2021-07-20 00:00:00+00:00,68713.01613,24.76058468,100,4.723629032,7.608521774,inf,578.3306452,75,,51.75403226,31
2021-07-21 00:00:00+00:00,73574.57665,24.71861814,100,6.475540084,7.588927961,inf,1222.113924,75,,52.76,32
2021-07-22 00:00:00+00:00,75007.37295,24.1678744,100,5.285390338,7.598487536,inf,1267.908213,75,,52.76,33
2021-07-23 00:00:00+00:00,78866.13501,24.30645015,100,5.507515284,7.583891783,8453.224446,1493.779112,75,,54.65,34
2021-07-24 00:00:00+00:00,82641.25234,24.59861654,99.99375,5.000643229,7.586979716,287.6821748,1533.91849,75,,56.54,35
2021-07-25 00:00:00+00:00,87072.08958,24.69103532,100,6.067542872,7.559552631,133.6247202,1492.279242,75,,58.48,36
2021-07-26 00:00:00+00:00,91017.97933,24.43890324,100,4.994813257,7.550625467,87.73994268,1347.294013,75,,60.37,37
2021-07-27 00:00:00+00:00,94706.87371,24.43628565,99.94641178,7.037308367,7.538234845,106.1160552,1344.682858,75,,62.24,38
2021-07-28 00:00:00+00:00,97786.91744,24.57018919,100,6.427145285,7.528933371,121.5230569,1316.765277,75,,64.13,39
2021-07-30 00:00:00+00:00,100067.01,24.83680005,99.99947174,7.124217116,7.501554739,6.765870211,1738.375594,75,,66.02,41
2021-07-31 00:00:00+00:00,102092.6461,24.57511435,99.98113208,7.697137221,7.431365237,inf,1821.800457,75,,71.6,42
2021-08-01 00:00:00+00:00,104048.4676,24.92647654,98.64886731,6.187564725,7.383347573,0.119799822,1834.744337,75,,77.92,43
2021-08-02 00:00:00+00:00,105288.6142,24.89250547,95.99854121,4.330779723,7.508866681,0.013478031,1706.983953,75,,84.24,44
2021-08-03 00:00:00+00:00,107291.0906,24.98392283,95.01500536,5.842946945,7.558886972,0.006970729,1809.036977,75,,90.56,45
2021-08-04 00:00:00+00:00,109191.4845,25.29890311,94.13467398,5.022811091,7.695936204,0.00250688,1877.611213,75,,96.88,46
2021-08-05 00:00:00+00:00,111895.9657,24.97185339,94.50754243,4.686906034,7.617996659,0.000733001,1905.831552,75,,103.2,47
2021-08-07 00:00:00+00:00,114529.8665,24.88945896,94.57794362,3.534213101,7.670051194,0.000175406,1826.527363,75,,109.52,49
2021-08-08 00:00:00+00:00,116622.233,24.45784375,95.987,3.1350075,7.640433785,0.00018224,1845.3705,75,,115.82,50
2021-08-09 00:00:00+00:00,118889.8168,25.04215561,94.24081633,4.126608163,7.662919209,0.000192704,1800.691327,75,,122.16,51
2021-08-10 00:00:00+00:00,122156.3215,24.47771868,95.16264775,3.602955556,7.70912095,7.56E-05,1861.580142,75,,128.48,52
2021-08-11 00:00:00+00:00,126248.5402,24.05842305,96.77517416,4.775808106,7.716700557,7.45E-05,1789.901837,75,,134.8,53
2021-08-12 00:00:00+00:00,129810.6814,23.71832298,97.73478261,5.179959006,7.714504242,6.23E-05,1831.336646,75,,141.12,54
2021-08-13 00:00:00+00:00,132995.5635,24.15109851,98.56117174,4.877714532,7.591059914,7.96E-05,1718.265365,75,,147.4363699,55
2021-08-14 00:00:00+00:00,136153.9782,24.68412885,99.05222603,3.888358733,7.568725578,7.22E-05,1767.614726,75,,160.1,56
2021-08-15 00:00:00+00:00,138627.9649,24.61024245,98.81588194,3.687241743,7.581676817,9.05E-05,1690.543219,75,,163.36,57
2021-08-16 00:00:00+00:00,141268.992,24.57242382,98.59823577,4.527381716,7.581197819,8.62E-05,1683.29591,75,,166.62,58
2021-08-17 00:00:00+00:00,142816.0154,23.95242689,98.95857027,3.433265638,7.598344419,6.40E-05,1803.587327,75,,169.88,59
2021-08-18 00:00:00+00:00,143767.3606,24.08387546,99.41263941,4.011133829,7.561240074,8.33E-05,1759.457249,75,,173.14,60
2021-08-20 00:00:00+00:00,144110.0273,24.64547782,99.44027304,3.119515358,7.541848498,7.46E-05,1819.467577,75,,176.4,62
2021-08-21 00:00:00+00:00,144587.4033,24.13994283,99.59043659,3.144114345,7.569684615,7.73E-05,1818.261954,75,,179.66,63
2021-08-22 00:00:00+00:00,145209.8708,24.20476058,99.81291759,2.782986637,7.56801245,7.15E-05,1843.385301,75,,182.92,64
2021-08-23 00:00:00+00:00,145537,24.34191176,100,1.549764706,7.606662941,8.59E-05,1785.411765,75,,186.18,65
2021-08-27 00:00:00+00:00,145801.0214,25.81330128,99.6965812,2.497213675,7.533840556,0.000108162,1566.991453,75,,189.44,69
2021-08-28 00:00:00+00:00,146953.0253,25.5112774,99.85666105,2.638436762,7.527504199,0.000110034,1707.001686,75,,205.8,70
2021-08-29 00:00:00+00:00,147930.2928,25.0064433,99.99175258,2.24837732,7.551156103,0.000104784,1759.542268,75,,208.36,71
2021-08-30 00:00:00+00:00,150188.3303,25.16750979,99.99608355,1.562704961,7.52283611,0.000105183,1681.406005,75,,210.92,72
2021-08-31 00:00:00+00:00,151972.4888,26.08452233,99.97022333,2.374119107,7.661442159,0.000246402,1898.997519,75,,213.48,73
2021-09-01 00:00:00+00:00,152480.8142,25.61393805,100,1.526221239,7.611599646,0.000148938,1857.336283,75,,216.04,74
2021-09-03 00:00:00+00:00,153009.8427,24.59058989,100,1.766382022,7.498209775,9.64E-05,1940.786517,75,,218.6,76
2021-09-04 00:00:00+00:00,153797.0909,24.08391608,99.98601399,1.493101399,7.517340629,0.00010549,1972.933566,75,,221.16,77
2021-09-05 00:00:00+00:00,155161.55,24.59943182,99.98636364,1.453954545,7.546571364,0.000152773,1876.581818,75,,223.73,78
2021-06-19 00:00:00+00:00,4828.602653,26.36065456,90.85870819,23.52184256,7.31777267,4.776517953,310.6649366,75,7.3,3.2,0
2021-06-20 00:00:00+00:00,7787.308336,25.69259374,95.98822436,18.87571986,7.156266064,8.11321484,289.0771615,75,7.36,3.3,1
2021-06-21 00:00:00+00:00,10329.6386,24.88571612,99.55030801,12.39961088,7.252117248,11.96591456,278.5462012,75,7.69,4.2,2
2021-06-22 00:00:00+00:00,11534.63422,24.40689528,94.43362832,13.60944838,7.380442389,inf,267.6283186,75,7.72,5.1,3
2021-06-23 00:00:00+00:00,13509.3324,23.9382224,97.93583101,10.45301953,7.411604344,51.14539143,264.5882822,75,8.05,6,4
2021-06-24 00:00:00+00:00,15789.91779,23.85963191,97.27877429,17.0235284,7.443332392,35.80716425,274.9073244,75,8.379753363,6.899327354,5
2021-06-25 00:00:00+00:00,17351.1693,24.80866228,95.86754386,14.33453421,7.473513544,33.41966568,284.7517544,75,8.41,7.8,6
2021-06-28 00:00:00+00:00,18050.5,24.41284722,99.16111111,18.60001111,7.534098667,inf,244.8277778,75,8.74,8.7,9
2021-06-29 00:00:00+00:00,18975.42011,24.15528882,94.26256564,15.49773218,7.642498492,inf,252.5903976,75,9.07,9.6,10
2021-06-30 00:00:00+00:00,20985.13995,24.06655615,97.29006772,14.98419582,7.601013313,inf,253.1100451,75,9.4,10.5,11
2021-07-01 00:00:00+00:00,23682.4027,24.5025,96.71191011,12.6571564,7.554183519,inf,250.8188764,75,9.73,11.4,12
2021-07-02 00:00:00+00:00,27197.51922,24.70771049,96.8471629,13.66548597,7.556255143,29.65892235,259.809335,75,10.06,12.3,13
2021-07-03 00:00:00+00:00,31249.08051,23.96056433,99.5912943,9.826386749,7.59738478,inf,249.2261171,75,11.93,15.8,14
2021-07-04 00:00:00+00:00,35063.9703,23.49721578,95.76334107,17.3379935,7.599058965,47.19898836,242.8663573,75,12.3,17.68,15
2021-07-07 00:00:00+00:00,37509.28671,24.60751748,94.32711733,13.21199456,7.670141212,30.46334335,261.2657343,75,13.03540016,21.41662782,18
2021-07-08 00:00:00+00:00,39968.94386,24.92371084,96.51827676,13.59542428,7.743232898,19.78701973,267.848564,75,13.41,23.32,19
2021-07-09 00:00:00+00:00,42401.87037,24.30977669,98.22766885,10.30980501,7.780222614,13.14412893,280.4379085,75,13.78,25.2,20
2021-07-10 00:00:00+00:00,45749.68882,24.03410121,97.81752266,12.81166042,7.774683776,14.09569473,283.689426,75,14.45,27.08,21
2021-07-11 00:00:00+00:00,49536.4064,24.3329447,98.16189207,12.23370087,7.758578021,10.6394409,281.3584277,75,14.82,28.96,22
2021-07-12 00:00:00+00:00,52556.48613,23.74021207,99.60114192,12.05076591,7.77893239,16.61598687,272.0261011,75,15.19,30.84,23
2021-07-13 00:00:00+00:00,55443.98957,23.66088957,97.45889571,15.59655706,7.804152914,18.81793953,283.5944785,75,15.56,32.72,24
2021-07-14 00:00:00+00:00,58325.42375,24.54327547,97.40168722,12.00661194,7.815107313,10.86896444,293.4879948,75,15.93,34.6,25
2021-07-15 00:00:00+00:00,61043.63745,24.04543358,99.69741697,11.60309871,7.813750138,10.42326535,295.0147601,75,16.3,36.48,26
2021-07-16 00:00:00+00:00,63093.43108,23.16306391,99.85714286,11.40038346,7.805129073,inf,269.1328321,75,16.67,38.36,27
2021-07-17 00:00:00+00:00,65119.8663,23.45258821,97.52831941,11.83882916,7.743794596,inf,279.6555246,75,17.04,42.1,28
2021-07-18 00:00:00+00:00,68313.96662,23.94744865,98.27856226,10.07318999,7.629903184,inf,292.127086,75,17.12,43.39,29
2021-07-19 00:00:00+00:00,71523.67493,23.9398415,97.60634006,5.751462248,7.487189833,45.6932771,296.6478386,75,17.2,45.27,30
2021-07-20 00:00:00+00:00,73954.82111,24.31589196,98.84020101,6.291813065,7.46233291,inf,332.0929648,75,17.28,46.56,31
2021-07-21 00:00:00+00:00,76670.39246,23.97962376,99.25556242,10.44368511,7.340838294,12.31664565,455.052225,75,17.36,47.85,32
2021-07-22 00:00:00+00:00,79761.6286,23.60694835,99.71855235,9.798735067,7.205554694,9.798259125,492.5158117,75,17.44,49.14,33
2021-07-23 00:00:00+00:00,82232.75078,23.47211001,99.87507769,9.630061529,6.858214643,inf,627.7886886,75,17.52,49.43,34
2021-07-24 00:00:00+00:00,84220.21928,23.46267496,99.67807154,8.107814412,6.417833888,2.800306293,621.933126,75,17.6,51.72,35
2021-07-25 00:00:00+00:00,86196.616,23.65881818,99.552,9.993512,6.477507215,3.640015047,741.1243636,75,17.68,53.01,36
2021-07-26 00:00:00+00:00,87182.37342,23.46657437,99.5443038,12.37839873,6.598910063,1.035690696,834.1360759,75,17.76,54.3,37
2021-07-27 00:00:00+00:00,87485.76923,23.12980769,98.44615385,16.16695897,6.663928205,0.634163385,920.2769231,75,17.84,55.59,38
2021-07-28 00:00:00+00:00,87658,23.4762931,98.56321839,36.62137931,6.71318931,0.316137471,1247.264368,75,17.92,56.88,39
2021-07-29 00:00:00+00:00,87742.5,23.65167683,98.06097561,40.98718293,6.745243049,0.592508902,1123.439024,75,18,58.17,40
2021-07-30 00:00:00+00:00,88474.02579,24.05792429,98.57903494,12.47787604,6.774499226,0.165991123,1514.13228,75,18.08,59.46,41
2021-07-31 00:00:00+00:00,89699.29099,23.64924893,99.80944206,9.133408584,6.650053288,0.005478858,1533.198283,75,18.14,60.2,42
2021-08-01 00:00:00+00:00,91025.25806,24.14516129,99.58064516,3.095032258,7.094797097,0.001634516,1509.774194,75,18.51,64.33,43
2021-08-04 00:00:00+00:00,96139.65217,24.45923913,98.73913043,0.658478261,7.081474783,0.00031,1730.652174,75,19.52,76.72,46
2021-08-05 00:00:00+00:00,98778.31395,24.1184593,99.43023256,1.246837209,7.05174814,0.000230233,1750.697674,75,19.89,80.85,47
2021-08-07 00:00:00+00:00,102177,23.61885246,100,3.568737705,6.95906459,0.000213443,1778.786885,75,20.53,89.01,49
2021-08-08 00:00:00+00:00,102518.7308,23.49679487,100,4.521179487,6.955060256,0.00022641,1845.512821,75,20.9,93.14,50
2021-08-09 00:00:00+00:00,105778.2933,24.08676676,99.18156425,2.768759777,6.886170978,0.000507123,1871.958101,75,21.27,97.27,51
2021-08-10 00:00:00+00:00,109738.126,23.66338583,100,1.269976378,6.824424488,0.000345354,2007.677165,75,21.64,103.4,52
2021-08-11 00:00:00+00:00,113641,23.02884615,100,6.778410256,6.789894359,0.000548974,1508.435897,75,22.01,107.53,53
2021-08-12 00:00:00+00:00,116849.2299,23.15732759,100,12.93363218,6.759207011,0.000408966,1815.758621,75,22.38,110.66,54
2021-08-13 00:00:00+00:00,119621.3721,23.37994186,100,2.130855814,6.750095674,0.000436884,1536.432558,75,22.75,114.79,55
2021-08-14 00:00:00+00:00,121439.6364,23.84848485,100,6.326787879,6.748543636,0.000576667,1534.30303,75,23.33,118,56
2021-08-15 00:00:00+00:00,125179.6166,23.94394841,98.83829365,5.755036706,6.799201637,0.00046252,1549.427579,75,23.42,118.66,57
2021-08-16 00:00:00+00:00,127331.0639,23.69339727,96.57098765,15.70335009,6.813733452,0.000366847,1631.734127,75,23.51,119.32,58
2021-08-17 00:00:00+00:00,129142.5,23.13557053,96.316839,15.3019771,6.761316078,0.000305148,1700.417282,75,23.6,119.98,59
2021-08-18 00:00:00+00:00,129956.5,23.2294708,92.8649635,25.7309708,6.837360949,0.000141679,1907.565693,75,23.69,120.64,60
2021-08-21 00:00:00+00:00,130100.5,23.8125,93.5,17.39828571,6.451519286,0.000180714,1776.428571,75,23.96,122.58,63
2021-08-22 00:00:00+00:00,130264.5,23.41978503,95.18789809,14.14842994,6.034942006,0.000784108,1920.550955,75,24.05226115,123.2646497,64
2021-08-27 00:00:00+00:00,130856.6875,24.59472656,100,0.47775,5.35213,0.000946094,1454.75,75,24.76,130.98,69
2021-08-28 00:00:00+00:00,131818.1411,24.10736196,100,0.498294479,5.317707546,0.001012454,1436.306748,75,24.53,127.2,70
2021-08-29 00:00:00+00:00,133167.6121,24.03787879,100,0.536866667,5.256542667,0.001034909,1402.848485,75,24.76,130.98,71
2021-08-30 00:00:00+00:00,135295.3772,24.16015625,100,0.620111607,5.218945491,0.001220134,1399.964286,75,24.99,134.76,72
2021-08-31 00:00:00+00:00,136976.9717,24.48584906,96.9245283,2.023745283,5.28081566,0.004888302,1480.188679,75,24.99,134.76,73
2021-09-01 00:00:00+00:00,137507.5619,24.375,99.39047619,1.411619048,5.187626762,0.002985429,1451.857143,75,25.32,138.54,74
2021-09-03 00:00:00+00:00,138016.7376,23.48315603,100,1.464907801,5.141920284,0.003097376,1504.248227,75,25.55,142.32,76
2021-09-04 00:00:00+00:00,138946.3846,23.12660256,100,1.885901099,5.139041062,0.004055238,1459.03663,75,25.78,146.1,77
2021-09-05 00:00:00+00:00,140195.7914,23.54901079,100,1.54105036,5.126418453,0.006145144,1484.52518,75,26.01,149.88,78
2021-09-15 00:00:00+00:00,141893.7762,25.21909233,99.98591549,3.765079812,4.773239045,0.000841205,1882.435055,75,28.55,200.46,88
2021-09-16 00:00:00+00:00,143871.6641,25.08806197,100,6.246902904,3.717435229,0.001070184,1880.490478,75,28.74,205.55,89
2021-09-17 00:00:00+00:00,146966.6975,25.50337952,100,5.945353498,3.60730192,0.001043038,2069.106117,75,28.93,210.64,90
2021-09-18 00:00:00+00:00,150577.3938,25.75072212,100,6.548321386,4.240809519,0.000697967,2197.145956,75,29.12,215.73,91
2021-09-19 00:00:00+00:00,154699.291,25.49745058,100,6.973182683,4.855744297,0.000972643,1968.767267,75,29.31,220.82,92
2021-09-20 00:00:00+00:00,158218.4888,25.78908317,100,5.323603175,3.249012553,0.001089511,1808.396825,75,29.5,225.91,93
2021-09-21 00:00:00+00:00,161286.7781,25.77979463,100,4.877533312,0.73691457,0.000835485,1896.320828,75,29.69,231,94
2021-09-22 00:00:00+00:00,163852.4931,25.09837316,100,3.457625318,0.029982435,0.00121846,1681.774276,75,29.88,236.09,95
2021-09-23 00:00:00+00:00,167337.9785,25.10551075,100,2.233387097,2.112710108,0.001268817,1461.344086,75,30.07,241.18,96
2021-09-24 00:00:00+00:00,170423.5512,25.0757874,100,1.682401575,1.843487008,0.001115906,1415.76378,75,30.26,246.27,97
2021-09-25 00:00:00+00:00,173930.8794,24.44281915,100,2.007092199,1.201860284,0.001342695,1399.893617,75,30.46,251.4,98
2021-09-26 00:00:00+00:00,177292.2696,24.01467391,100,2.291695652,1.20030513,0.001065565,1830.226087,75,30.58,253.9,99
2021-09-27 00:00:00+00:00,180985.7456,24.98300439,100,2.17354386,1.655946228,0.001000789,1946.403509,75,30.77,256.4,100
2021-09-28 00:00:00+00:00,183526.6557,25.45696721,100,1.842344262,4.759432787,0.000783115,2258.754098,75,30.89,258.9,101
2021-09-29 00:00:00+00:00,185768.8382,25.421875,100,1.316911765,7.042700294,0.000841029,2333.735294,75,31.01,261.4,102
2021-09-30 00:00:00+00:00,187726.7468,25.19620253,100,1.540620253,6.268090633,0.001151899,2232.164557,75,31.13,263.9,103
2021-10-01 00:00:00+00:00,190642.5789,25.43667763,100,1.778684211,5.003840921,0.000999737,2276.934211,75,31.25,266.4,104
2021-10-02 00:00:00+00:00,193356.6429,25.64434524,100,1.969952381,4.054791905,0.00142881,2229.52381,75,31.37,268.9,105
2021-10-03 00:00:00+00:00,194837.5294,26.12867647,100,1.645588235,3.148108235,0.001147647,2095.470588,75,31.49,271.4,106
2021-10-04 00:00:00+00:00,196401.8649,26.2347973,100,1.558702703,2.902860811,0.000928108,2099.810811,75,31.61,273.9,107
2021-10-05 00:00:00+00:00,198927.102,26.1122449,100,1.635755102,1.686519184,0.00110898,2156.183673,75,31.73,276.4,108
2021-10-11 00:00:00+00:00,211792.0313,27.66015625,100,3.18815625,4.288405,0.001886719,1868.765625,75,32.12,286.4,114
2021-10-12 00:00:00+00:00,213811.3653,26.98829909,98.25114155,2.376383562,4.572737808,0.098881416,1844.273973,75,32.37,295.58,115
2021-10-13 00:00:00+00:00,215850.1667,26.80729167,100,2.473916667,2.052860417,0.00150375,1763.083333,75,32.33,304.76,116
2021-06-18 00:00:00+00:00,125,25.87625502,27.52208835,13.80342972,8.330405984,0.028223333,594.3172691,50,6.821428571,2.869285714,0
2021-06-20 00:00:00+00:00,8137.556013,25.9987589,27.11689771,16.54128175,8.322174949,0.405818382,319.4705882,50,7.2061371,3.705106761,2
2021-06-21 00:00:00+00:00,10305.989,25.31805203,32.50084602,11.79159645,8.392497758,0.487559598,310.3671743,50,6.997142,3.081428,3
2021-06-22 00:00:00+00:00,11438.19234,25.36255981,33.03923445,13.48410622,8.424004469,0.481442591,305.5033493,50,7.884894054,5.312423787,4
2021-06-23 00:00:00+00:00,13628.30976,24.51127968,19.60474934,9.586318734,8.454661858,0.50179686,302.9905013,50,8.208156803,6.075604976,5
2021-06-24 00:00:00+00:00,15686,24.42966407,14.66826635,10.36678644,8.492183143,0.473664734,313.4373125,50,8.56858514,6.926529266,6
2021-06-25 00:00:00+00:00,16849.5,24.62452652,18.28030303,4.351807576,8.495679561,0.460020423,320.2833333,50,9.18,8.37,7
2021-06-28 00:00:00+00:00,17332.5,25.17320261,17.33986928,19.39059477,8.06718098,0.514685608,317.8496732,50,9.837142857,9.921428571,10
2021-06-29 00:00:00+00:00,19085.5,24.29138514,23.61711712,0.192671171,8.030080405,0.347112941,300.0315315,50,10.16571429,10.69714286,11
2021-07-01 00:00:00+00:00,26800,25.3912037,31.96296296,7.402481481,7.913122222,0.00109037,339.4814815,50,10.82285714,12.24857143,13
2021-07-02 00:00:00+00:00,27069.5,24.67431641,26.74609375,3.269509766,7.897253652,0.001193203,317.578125,50,11.15142857,13.02428571,14
2021-07-03 00:00:00+00:00,32668.52632,24.23754699,24.56390977,4.506394737,7.643981729,0.372246929,295.5037594,50,11.49938776,13.90408163,15
2021-07-20 00:00:00+00:00,65744,24.71628065,23.61852861,6.325550409,7.608004414,0.521775684,250.5803815,50,15.81142857,39.64285714,32
2021-07-21 00:00:00+00:00,70185.2378,24.70998476,33.7804878,0.14947561,7.605909756,0.524068293,285.7621951,50,15.98857143,41.45714286,33
2021-07-22 00:00:00+00:00,71774.90741,23.89930556,21.77777778,0.247574074,7.595356481,0.509191167,272.8333333,50,16.16571429,43.27142857,34
2021-07-23 00:00:00+00:00,75526.46821,24.31370424,35.79190751,3.68772447,7.591299056,0.488571682,269.8631985,50,16.34285714,45.08571429,35
2021-07-24 00:00:00+00:00,81028,25.23402439,49.04,3.26826439,7.507704254,0.003684878,282.0068293,50,16.55162648,47.22391638,36
2021-07-25 00:00:00+00:00,83735.5,24.66752563,33.51640091,3.606556264,7.49252139,0.001111287,275.2558087,50,16.70456753,48.79032867,37
2021-07-26 00:00:00+00:00,87333.5,24.2983562,33.3595866,4.171191019,7.501015135,0.001111326,280.8250178,50,16.88413399,50.62943692,38
2021-07-27 00:00:00+00:00,90514,24.302391,34.51448664,5.07705007,7.496278931,0.001111333,295.4123769,50,17.05790637,52.40920233,39
2021-07-28 00:00:00+00:00,94067,24.56610814,33.32216277,3.91614165,7.487865351,0.001111236,298.7809068,50,17.236154,54.23480308,40
2021-07-29 00:00:00+00:00,96811,25.41246128,32.50955085,4.081455343,7.478606381,0.001111456,315.905524,50,17.4188834,56.10630577,41
2021-07-30 00:00:00+00:00,99469,24.68161808,32.30008878,3.179334714,7.475940506,0.001111403,335.3950873,50,17.58982962,57.85712595,42
2021-07-31 00:00:00+00:00,102421.5,24.69529394,31.98099762,2.689436659,7.67133658,0.001111227,367.6211401,50,17.76470309,59.62517815,43
2021-08-01 00:00:00+00:00,104028.5,24.8821766,28.80232558,2.151239826,7.859870422,0.00111141,357.9215116,50,18.06423588,61.22873754,44
2021-08-02 00:00:00+00:00,105339,24.75866529,27.05690636,1.751019659,7.835355034,0.001111495,355.4862907,50,18.3486882,62.75156308,45
2021-08-03 00:00:00+00:00,107321.5,25.00458292,29.1894685,1.84288189,7.863327146,0.001111053,364.4724409,50,18.63042604,64.25985658,46
2021-08-04 00:00:00+00:00,108605,24.92651869,32.86168224,2.903771963,7.884734766,0.001111813,415.0728972,50,18.89142857,65.65714286,47
2021-08-22 00:00:00+00:00,108875,-35.5375,64.6,1.1822,7.850776,0.00106,1908.4,50,24.87428571,132.4571429,65
2021-08-27 00:00:00+00:00,109169.5,25.8172089,35.78424658,2.234482877,5.571101045,0.001111421,1310.460616,50,26.88419766,165.3730919,70
2021-08-28 00:00:00+00:00,110045.4446,24.96438042,59.15911283,2.167108968,3.69736432,0.001111234,1422.362584,50,27.25789778,171.6582449,71
2021-08-29 00:00:00+00:00,111339.2324,24.98692986,-5.386402754,1.995496558,-1.158364355,0.001111867,1623.641997,50,27.61021883,180.6788788,72
2021-08-30 00:00:00+00:00,113258.4318,24.96325107,-50.73819742,5.229827468,-2.964983356,0.001111146,1647.030472,50,27.90285714,188.1714286,73
2021-08-31 00:00:00+00:00,114558.5,24.54431818,-51,11.92058182,-3.135386591,0.001113318,1582.413636,50,28.23428571,196.6571429,74
2021-09-01 00:00:00+00:00,114782.5,25.05866228,-51,8.090776316,-3.13745,0.001109825,1532.921053,50,28.56571429,205.1428571,75
2021-09-03 00:00:00+00:00,114986.5,24.40555556,-51,7.190516667,-3.13745,0.001111333,1588.738889,50,29.27828572,223.3871428,77
2021-09-04 00:00:00+00:00,115464.5,23.8538982,-51,8.590969072,-3.13745,0.001111572,1598.466495,50,29.58562592,231.2561119,78
2021-09-05 00:00:00+00:00,116289.5,24.22346968,-51,9.198786041,-3.13745,0.001111121,1630.504577,50,29.89142857,239.0857143,79
2021-09-15 00:00:00+00:00,117315.9147,25.21790688,-51,39.44809138,-3.13745,0.001111436,1132.360313,50,32.01735174,296.8103568,89
2021-09-16 00:00:00+00:00,120223.7789,25.03599071,-50.79301194,22.36702919,-2.617675816,0.00111123,939.824414,50,32.05343021,298.5992481,90
2021-09-17 00:00:00+00:00,122811.9341,25.35969433,-51,22.1821561,-2.148711135,0.001111371,908.8967583,50,32.08776805,300.3018323,91
2021-09-18 00:00:00+00:00,126339.2401,25.40882863,-51,15.73482516,-2.007888249,0.001111239,963.4666348,50,32.12146786,301.9727816,92
2021-09-19 00:00:00+00:00,130407.1884,25.10135654,-50.99923215,12.73624494,-1.886147215,0.001111492,977.9006911,50,32.15540019,303.6552598,93
2021-09-20 00:00:00+00:00,133900.3263,25.75264963,-49.73441397,15.60492145,-2.587038558,0.292123677,1090.507897,50,32.19021019,305.3812552,94
2021-09-21 00:00:00+00:00,136404.5055,25.27949467,-48.33661337,14.84563428,-2.632675699,0.494890851,1090.308733,50,32.22467053,307.0899139,95
2021-09-22 00:00:00+00:00,138782.0665,24.64182065,-48.06695652,16.49179348,-2.598822326,0.504904521,972.1269565,50,32.25714286,308.7,96
2021-09-23 00:00:00+00:00,140120,25.53008596,-49.42979943,18.47312607,-2.319005989,0.503554928,814.1146132,50,32.29142857,310.4,97
2021-09-24 00:00:00+00:00,140944.9732,24.756691,-22.66098946,19.06506326,-1.685753496,0.306423633,923.1995134,50,32.32571429,312.1,98
2021-09-28 00:00:00+00:00,141628,24.48155738,-51,2.183786885,-3.13745,0.510230984,956.557377,50,32.84857143,327.6857143,102
2021-10-04 00:00:00+00:00,141663,8.916666667,-28.22222222,12.34066667,6.384834444,0.509808889,1776,50,33.82571429,355.4571429,108
2021-10-06 00:00:00+00:00,141669.5,27.18375,73,0,10.6788175,0.5484225,750,50,34.15142857,364.7142857,110
2021-10-12 00:00:00+00:00,141672.5,27.125,51,4.8405,4.883785,0.54737,1356,50,35.21,398.6571429,116
2021-11-15 00:00:00+00:00,141677,-17.20535714,63.42857143,11.0413,5.44927,0.492935714,604.7142857,50,48.24142857,758.0571429,150
2021-12-03 00:00:00+00:00,141696.5,26.14166667,98.73333333,12.93563333,4.317658,0.546221667,749.2333333,50,50.70142857,825.9714286,168
2021-12-06 00:00:00+00:00,141717,26.79545455,82.72727273,6.686363636,12.58280364,0.516135455,210.0909091,50,51.35714286,841.2,171
2021-06-18 00:00:00+00:00,575.6212804,24.48312669,22.53832281,6.991955816,8.43410046,66.48890856,141.1199279,50,6.947142857,4.371428571,0
2021-06-19 00:00:00+00:00,4205.078174,25.48401345,-2.671044403,8.538987492,8.391447286,156.4278477,112.6197624,50,7.24,4.92,1
2021-06-20 00:00:00+00:00,7739.35376,25.42217967,-0.601671309,4.141532033,8.147177075,953.8967124,105.1922006,50,7.532857143,5.468571429,2
2021-06-21 00:00:00+00:00,10630.30223,24.41252535,10.67545639,7.348726166,8.079816957,324.8186939,98.47261663,50,7.825714286,6.017142857,3
2021-06-22 00:00:00+00:00,11472,24.51475155,9.778172138,7.601520852,7.99446748,0.384418944,101.1348713,50,8.118571429,6.565714286,4
2021-06-23 00:00:00+00:00,13518.63409,23.77275964,8.105609115,12.5935333,7.955833265,0.363584496,93.93733567,50,8.411428571,7.114285714,5
2021-06-24 00:00:00+00:00,15586.5,23.69791667,53.99023199,13.37040537,7.882163724,0.357817259,96.04334554,50,8.704285714,7.662857143,6
2021-06-25 00:00:00+00:00,17130.5,24.71797414,71.01241379,16.90788621,7.829252379,0.319716455,100.8696552,50,8.997142857,8.211428571,7
2021-06-28 00:00:00+00:00,18338,24.24585492,87.67772021,19.67186839,7.69288201,0.380780508,94.45492228,50,9.875714286,9.857142857,10
2021-06-29 00:00:00+00:00,20766,23.76018376,94.37368286,12.20755359,7.667422095,0.069742251,90.53636597,50,10.16857143,10.40571429,11
2021-06-30 00:00:00+00:00,23776.60038,23.84280303,92.27935606,16.52716051,7.6282317,0.68361428,93.94128788,50,10.46142857,10.95428571,12
2021-07-01 00:00:00+00:00,26879.18323,24.25234136,93.85881753,14.8924814,7.60014528,0.660313542,92.82670744,50,10.75428571,11.50285714,13
2021-07-02 00:00:00+00:00,30900.50801,24.56012756,95.74685728,16.24389672,7.56910332,0.485000759,99.21937392,50,11.04714286,12.05142857,14
2021-07-03 00:00:00+00:00,35071,23.67404565,96.28297922,12.40286855,7.548504999,0.278542029,90.08498716,50,11.34,12.6,15
2021-07-04 00:00:00+00:00,38929.69394,23.04895894,96.91613279,18.25454863,7.534840652,38.08565726,85.45923122,50,11.67714286,15.12857143,16
2021-07-06 00:00:00+00:00,40661,23.82738095,100,18.06133333,7.528560476,0.690535714,99.28571429,50,12.35142857,20.18571429,18
2021-07-07 00:00:00+00:00,41776.04786,24.79751394,82.17704461,22.29907946,7.476697282,0.842778731,108.4047398,50,12.68857143,22.71428571,19
2021-07-08 00:00:00+00:00,43941.74102,24.83943762,76.45179584,16.93247196,7.465835759,0.910825362,120.6616257,50,13.02571429,25.24285714,20
2021-07-09 00:00:00+00:00,46357.58912,24.21244807,89.22016616,12.6834864,7.447973304,0.659567636,115.7904079,50,13.36285714,27.77142857,21
2021-07-10 00:00:00+00:00,49659.52458,23.95778308,94.76072176,14.92271417,7.435196506,0.758516111,130.1610879,50,13.7,30.3,22
2021-07-11 00:00:00+00:00,53719.45611,24.50815217,96.83223954,15.39062305,7.411507445,0.994399401,137.399918,50,14.03714286,32.82857143,23
2021-07-12 00:00:00+00:00,56718.17641,23.67724116,96.81637807,11.04398918,7.400888276,3977.32267,127.1410534,50,14.37428571,35.35714286,24
2021-07-13 00:00:00+00:00,59542,23.47675026,91.52838732,14.28416301,7.386910014,0.154700164,137.0142807,50,14.71142857,37.88571429,25
2021-07-14 00:00:00+00:00,62324.94845,24.55619788,94.64177407,14.87988666,7.370639117,157.9545823,133.1751327,50,15.04857143,40.41428571,26
2021-07-15 00:00:00+00:00,65282.32661,23.96929603,92.34072581,12.91413508,7.367431499,267.8757555,135.171371,50,15.38571429,42.94285714,27
2021-07-16 00:00:00+00:00,67172.52772,23.14657027,96.82026769,12.0736434,7.377946549,194311.8134,117.2304015,50,15.72285714,45.47142857,28
2021-07-17 00:00:00+00:00,68491.08819,22.90601644,95.48654709,12.66252616,7.358525142,6445.071002,119.8213752,50,16.06,48,29
2021-07-18 00:00:00+00:00,72663.08511,24.20345745,82.72340426,11.48187234,7.318581489,0.668390638,104.0212766,50,16.15857143,48.1,30
2021-07-19 00:00:00+00:00,75407.82944,23.97374327,79.45960503,17.24240036,7.308340808,0.57828088,107.2280072,50,16.25714286,48.2,31
2021-07-20 00:00:00+00:00,76779,23.84146341,75.24390244,16.01697561,7.314613902,0.624231463,153.804878,50,16.35571429,48.3,32
2021-07-21 00:00:00+00:00,81551.34066,24.05877159,66,36.03964364,7.289350926,21294.57149,146.0627943,50,16.45428571,48.4,33
2021-07-22 00:00:00+00:00,84070.34432,23.58296043,68.95478097,35.32673434,7.284537805,388100463.9,137.4470089,50,16.55285714,48.5,34
2021-07-23 00:00:00+00:00,87072.65238,23.55756477,68.60363973,34.90894047,7.276888359,91992919.68,139.2162246,50,16.65142857,48.6,35
2021-07-24 00:00:00+00:00,90751.4312,23.69567525,67.76953567,33.282047,7.267737353,60221544.45,132.8125708,50,16.65142857,48.6,36
2021-07-25 00:00:00+00:00,95218.87459,23.8698869,56.7156587,39.42742429,7.256109562,12831186.6,138.0682138,50,16.84857143,48.8,37
2021-07-26 00:00:00+00:00,99251.89312,23.61281414,59.85611709,38.25091025,7.249257249,5765.868471,146.8942281,50,16.94714286,48.9,38
2021-07-27 00:00:00+00:00,102846,23.5468794,53.59133127,35.54104954,7.244206603,3935.429473,141.3357726,50,17.04571429,49,39
2021-07-28 00:00:00+00:00,105903.9185,23.76453777,-4.173956262,40.87151193,7.149993976,7396.932434,161.0337972,50,17.14428571,49.1,40
2021-07-29 00:00:00+00:00,110455.9119,24.29095644,-55.96117424,40.44622064,7.126256676,2229582.358,179.15625,50,17.24285714,49.2,41
2021-07-30 00:00:00+00:00,113194.3445,23.94598432,-54.70632774,37.10415143,7.138251655,575268987.4,179.3742564,50,17.34142857,49.3,42
2021-07-31 00:00:00+00:00,116789.4231,24.27403846,-56,26.35842308,6.331875,1437225.375,396.5769231,50,17.44,49.4,43
2021-08-01 00:00:00+00:00,117848.5,23.98958333,-56,39.374,5.8020825,0.462802083,501.7083333,50,17.84857143,53.87142857,44
2021-08-02 00:00:00+00:00,118391.5,24.15,-56,37.1025,4.942799,0.452333,534.3,50,18.25714286,58.34285714,45
2021-08-03 00:00:00+00:00,122015.2534,24.44668762,-56,42.261,4.042982108,0.599481779,524.7369439,50,18.66571429,62.81428571,46
2021-08-04 00:00:00+00:00,122286,24.33333333,-56,42.261,4.039946667,0.68231,503.2222222,50,19.07428571,67.28571429,47
2021-08-05 00:00:00+00:00,124029.5,24.5703125,-56,36.581,4.045115,0.74236125,553.5,50,19.48285714,71.75714286,48
2021-08-06 00:00:00+00:00,127571.5,23.3125,-56,31.481,3.90326,0.70039,572.5,50,19.89142857,76.22857143,49
2021-08-07 00:00:00+00:00,127578,24.06818182,-56,24.24754545,3.889227273,0.686581818,549.7272727,50,20.3,80.7,50
2021-08-08 00:00:00+00:00,129302,23.4375,-56,26.07055556,3.729246667,0.747955556,560.8888889,50,20.70857143,85.17142857,51
2021-08-09 00:00:00+00:00,131659.5,23.078125,-56.08333333,40.42658333,4.067436667,0.711315833,1185.916667,50,21.11714286,89.64285714,52
2021-08-10 00:00:00+00:00,133962,23.72916667,-56,39.732,3.874511111,0.64527,634.4444444,50,21.52571429,94.11428571,53
2021-08-11 00:00:00+00:00,138346,23.42361111,-56,24.87955556,3.860892222,0.621902222,626,50,21.93428571,98.58571429,54
2021-08-12 00:00:00+00:00,142033.5,22.515625,-56,17.207,3.9276625,0.66622375,720.5,50,22.34285714,103.0571429,55
2021-08-13 00:00:00+00:00,145427,22.96527778,-56,17.02733333,3.773634444,0.621742222,725.5555556,50,22.75142857,107.5285714,56
2021-08-14 00:00:00+00:00,148394,23.91666667,-56,12.08666667,3.593065556,0.645243333,753.6666667,50,23.16,112,57
2021-08-15 00:00:00+00:00,151539.5,24.04375,-56,13.5215,3.617725,0.59189,786.8,50,23.49571429,117.2285714,58
2021-08-16 00:00:00+00:00,153832,24.22916667,-56,12.77277778,3.698983333,0.575044444,764.1111111,50,23.49571429,117.2285714,59
2021-08-17 00:00:00+00:00,156040.5,23.1875,-56,10.358,3.74381125,13.481925,752.75,50,23.83142857,122.4571429,60
2021-08-18 00:00:00+00:00,157548,22.96428571,-56,9.623428571,3.671101429,0.590358571,772.1428571,50,24.50285714,132.9142857,61
2021-08-20 00:00:00+00:00,157858,23.68055556,-56,7.981222222,3.92142,0.561977778,846.7777778,50,25.17428571,143.3714286,63
2021-08-21 00:00:00+00:00,158218.5,23.328125,-56,8.8975,3.80339,0.53774125,1037.75,50,25.51,148.6,64
2021-08-22 00:00:00+00:00,158781,23.36805556,-56,11.00744444,3.83063,0.712091111,1040.555556,50,25.84571429,153.8285714,65
2021-08-23 00:00:00+00:00,159323,23.3375,-56.2,5.6432,3.873298,0.658296,1218,50,26.18142857,159.0571429,66
2021-08-27 00:00:00+00:00,159340.5,24.1953125,-56.125,12.83425,3.77899125,0.56046,1049,50,27.52428571,179.9714286,70
2021-08-28 00:00:00+00:00,159968.5,24.296875,-56,14.18475,3.7109025,0.46380125,1224.25,50,27.86,185.2,71
2021-08-29 00:00:00+00:00,162312.5104,24.57747396,-56,5.264489583,3.741778438,0.675824792,1355.635417,50,28.01,187.3714286,72
2021-08-30 00:00:00+00:00,164976.059,24.33763838,-56,6.153505535,3.606485535,0.61088738,1306.900369,50,28.16,189.5428571,73
2021-08-31 00:00:00+00:00,165732.2613,24.92334495,-56.02090592,8.076679443,3.90463662,8.752875122,1401.878049,50,28.31,191.7142857,74
2021-09-01 00:00:00+00:00,166020.5,23.99870868,-56.01652893,6.741644628,3.880112314,3.069880041,1380.504132,50,28.46,193.8857143,75
2021-09-03 00:00:00+00:00,166388.5,23.51632085,-56.00809717,8.808708502,3.830895223,0.45989998,1411.222672,50,28.76,198.2285714,77
2021-09-04 00:00:00+00:00,167104,22.96544824,-56.02134472,10.26494557,3.897630139,0.19584809,1379.302028,50,28.91,200.4,78
2021-09-05 00:00:00+00:00,167753,23.2901662,-56.02770083,14.16177285,3.876501108,0.172579335,1394.639889,50,29.06,202.5714286,79
2021-09-15 00:00:00+00:00,168608.5,24.3062963,-10,3.454081481,3.647568985,0.863145978,1124.122963,50,31.00571429,252.6857143,89
2021-09-16 00:00:00+00:00,170880,23.97968212,-10,5.127773254,3.716561162,1.121256483,1017.774507,50,31.26714286,261.9571429,90
2021-09-17 00:00:00+00:00,173937.5,24.49306982,-10,4.693794661,3.731613823,1.158937553,993.1728268,50,31.52857143,271.2285714,91
2021-09-18 00:00:00+00:00,177155.9319,24.47707529,-10,7.610511057,3.834533794,0.577750656,1183.058266,50,31.79,280.5,92
2021-09-19 00:00:00+00:00,182914.5209,24.89580224,-10,7.020802985,3.720311821,0.454372552,1231.267164,50,32.05142857,289.7714286,93
2021-09-20 00:00:00+00:00,185737.204,25.05546781,-10,4.808300241,3.758219501,0.509549501,1120.684116,50,32.31285714,299.0428571,94
2021-09-21 00:00:00+00:00,188269.1508,24.67474874,-10,8.099828476,3.773045162,0.589033467,1141.056616,50,32.57428571,308.3142857,95
2021-09-22 00:00:00+00:00,191693.8834,24.05785838,-10,5.998200345,3.824240626,0.590959845,1026.970639,50,32.83571429,317.5857143,96
2021-09-23 00:00:00+00:00,194753.8824,24.25657308,-10,6.242245098,3.78606016,0.609621881,942.6016043,50,33.09714286,326.8571429,97
2021-09-24 00:00:00+00:00,197960.8227,24.09458475,-10,6.985715881,3.845428548,0.592247678,931.6075765,50,33.35857143,336.1285714,98
2021-09-25 00:00:00+00:00,201583.3293,23.12868354,-10,7.750092249,3.882533921,0.770543805,859.5304292,50,33.62,345.4,99
2021-09-26 00:00:00+00:00,204435.5,22.92752397,-10,7.678429216,3.936209365,0.550163663,996.8649182,50,33.74142857,349.8428571,100
2021-09-27 00:00:00+00:00,207941,23.98032107,-10,3.808234632,3.8978203,0.637154851,970.7673882,50,33.86285714,354.2857143,101
2021-09-28 00:00:00+00:00,210654,24.5045895,-10,7.23091331,3.832399638,0.681857486,1217.1795,50,33.98428571,358.7285714,102
2021-09-29 00:00:00+00:00,213355.8254,24.13088152,-10,6.028730537,5.012901693,0.041963008,1044.163643,50,34.10571429,363.1714286,103
2021-09-30 00:00:00+00:00,215984.5361,24.17147305,-10,3.719088608,5.20075187,0.008252858,1084.514496,50,34.22714286,367.6142857,104
2021-10-01 00:00:00+00:00,218927,24.28266589,-9.992107571,4.438201695,5.045777419,0.257749734,1238.402514,50,34.34857143,372.0571429,105
2021-10-02 00:00:00+00:00,222140.5,24.64076015,-9.999667332,4.6129002,5.247175552,0.086664927,1146.120093,50,34.47,376.5,106
2021-10-03 00:00:00+00:00,224145.5,25.41322211,-9.861553785,3.908252988,5.34568006,0.008931753,1214.543825,50,34.59142857,380.9428571,107
2021-10-04 00:00:00+00:00,225733.5,25.40938651,-9.969152855,3.838109576,5.334364576,0.005234682,1153.085635,50,34.71285714,385.3857143,108
2021-10-05 00:00:00+00:00,228990,25.43205771,-9.829302004,4.136274591,5.162243907,0.111177088,1121.003686,50,34.83428571,389.8285714,109
2021-10-06 00:00:00+00:00,231845.5,25.36405109,-9.990510949,4.664140146,4.649610883,0.693704555,1091.245255,50,34.95571429,394.2714286,110
2021-10-07 00:00:00+00:00,233332,24.56074548,-9.98066126,4.553124766,5.392478665,0.07968491,1067.884591,50,35.07714286,398.7142857,111
2021-10-08 00:00:00+00:00,235965.5,25.02502388,-10,6.505833515,4.699126763,0.281382492,1331.221343,50,35.19857143,403.1571429,112
2021-10-09 00:00:00+00:00,238191.5,25.0867703,-10,7.10528934,4.143177652,1.26577783,1403.076142,50,35.32,407.6,113
2021-10-10 00:00:00+00:00,239435.5,24.50966912,-10,6.742609412,4.112048394,1.623998835,1330.060588,50,35.52857143,413.5,114
2021-10-11 00:00:00+00:00,241198.5,25.11315717,-9.97973713,10.64931818,9.386349934,14.53448625,1159.825301,50,35.73714286,419.4,115
2021-10-12 00:00:00+00:00,243600.5,25.69278878,-10,12.04834419,7.012457942,3.190378889,1047.955003,50,35.94571429,425.3,116
2021-10-13 00:00:00+00:00,245409,25.58147496,-10,2.523704225,4.149036808,0.660672441,1102.179969,50,36.15428571,431.2,117
2021-05-12 00:00:00+00:00,538.5,20.82964939,-12.73170732,2.479426829,5.150865183,54.69054884,320.6829268,50,44.54929,689.1429,0
2021-06-25 00:00:00+00:00,56.5,24.39508929,100,2.220383929,6.202580982,5.09E-06,102.7410714,50,13.45,27.6,44
2021-06-26 00:00:00+00:00,113,26.0625,100,12.435,5.97326,1.00E-05,0,50,13.68571429,29.63571429,45
2021-06-27 00:00:00+00:00,114,25.25,100,0,6.05043,0,31,50,13.92142859,31.67142429,46
2021-06-28 00:00:00+00:00,115,23.9375,100,0,6.16845,7.6301,2473,50,14.15714289,33.70713429,47
2021-06-29 00:00:00+00:00,117,25.20833333,100,1.417333333,6.0822,15428.46566,906.3333333,50,14.39285719,35.74284429,48
2021-06-30 00:00:00+00:00,119,24.5,100,0,6.65871,inf,2467,50,14.62857149,37.77855429,49
2021-07-01 00:00:00+00:00,120,24.875,100,0,6.2774,inf,1399,50,14.86428579,39.81426429,50
2021-07-07 00:00:00+00:00,133.5,20.08173077,100,2.2635,6.344791538,433.1187277,899.8076923,50,15.32664846,43.80738775,56
2021-07-11 00:00:00+00:00,427.5,24.82291667,100,0.708666667,6.225193333,7715.504513,1509.666667,50,41.11143,601.8071,60
2021-08-12 00:00:00+00:00,194.5,27.83072917,-12.88541667,0.8485625,6.096435833,inf,234.2916667,50,15.57142869,45.92139429,92
2021-08-22 00:00:00+00:00,249.5,25.6875,-11.07142857,0,8.207644286,618.007585,1399.928571,50,15.80714299,47.95710429,102
2021-09-24 00:00:00+00:00,258.5,31.4375,36,0,-1.8936375,0.4848425,700.5,50,16.04285729,49.99281429,135
2021-10-01 00:00:00+00:00,263.5,-101.3541667,-80.66666667,0,-1.637915,1.034456667,121,50,16.27857159,52.02852429,142
2021-10-06 00:00:00+00:00,288.5,19.70596591,-8.090909091,7.390090909,3.6813425,4.77E-06,158.4772727,50,16.51428589,54.06423429,147
2021-10-10 00:00:00+00:00,366.5,24.39508929,100,2.220383929,6.202580982,5.09E-06,102.7410714,50,31.7,263,151
2021-10-24 00:00:00+00:00,423.5,25.65625,100,6.2175,6.011845,5.00E-06,15.5,50,32.37143,287.1429,165
2021-11-21 00:00:00+00:00,443.5,20.08173077,100,2.2635,6.344791538,433.1187277,899.8076923,50,41.48786,617.4929,193
2021-01-11 00:00:00+00:00,650,27.25,100,0,8.14312,12.94358,1250,50,32.46,281.2,0
2021-01-12 00:00:00+00:00,680,27.25,100,11.968,8.14312,0,1001,50,32.46,281.2,1
2021-02-11 00:00:00+00:00,651,27.1875,100,33.388,8.13858,177.86523,1119,50,32.46,281.2,31
2021-02-12 00:00:00+00:00,681,27.25,100,17.743,8.13858,0,1001,50,32.46,281.2,32
2021-03-11 00:00:00+00:00,652,27.1875,100,9.501,8.15674,1986.16162,1073,50,32.46,281.2,59
2021-03-12 00:00:00+00:00,682,27.1875,100,5.781,8.1295,0,998,50,32.46,281.2,60
2021-04-11 00:00:00+00:00,653,27.1875,100,11.665,8.14312,2925.95142,1072,50,32.46,281.2,90
2021-04-12 00:00:00+00:00,683,27.1875,100,18.554,8.14312,0,999,50,32.46,281.2,91
2021-05-11 00:00:00+00:00,654,27.25,100,2.843,8.14312,7125.13281,1059,50,32.46,281.2,120
2021-05-12 00:00:00+00:00,2852.003221,18.6421095,45.77616747,7.814534622,3.366857279,0.997861514,219.4975845,50,44.63037037,700.3239936,121
2021-06-11 00:00:00+00:00,655,27.25,100,10.413,8.15674,11595.01172,1053,50,32.46,281.2,151
2021-06-12 00:00:00+00:00,685,27.25,100,1.859,8.13858,0,1004,50,32.46,281.2,152
2021-06-25 00:00:00+00:00,17,27.16477273,100,16.02039394,8.179571818,744979605.8,1090.151515,50,14.12,33.8,165
2021-07-07 00:00:00+00:00,192,25.88229495,100,2.72966877,7.238781483,362556095.4,650.3123028,50,15.37142856,39.34285716,177
2021-07-08 00:00:00+00:00,489,25.21299639,100,2.519176895,7.242898123,2220021664,725.5920578,50,15.6842857,40.92857145,178
2021-07-11 00:00:00+00:00,1455.434229,25.97325849,100,3.808929279,7.239869194,383264596.6,622.3592645,50,41.95114298,625.6419336,181
2021-07-12 00:00:00+00:00,686,27.1875,100,9.24,8.1295,0,1006,50,32.46,281.2,182
2021-08-11 00:00:00+00:00,657,27.25,100,4.103,8.14312,104917.8594,1040,50,32.46,281.2,212
2021-08-12 00:00:00+00:00,687,27.25,100,7.084,8.13858,0,997,50,32.46,281.2,213
2021-09-11 00:00:00+00:00,658,27.1875,100,22.512,8.13858,464484.875,1030,50,32.46,281.2,243
2021-09-12 00:00:00+00:00,688,27.25,100,8.358,8.12496,0,1010,50,32.46,281.2,244
2021-10-10 00:00:00+00:00,628,27.0625,100,22.562,8.20213,12151.86328,1061,50,32.46,281.2,272
2021-10-11 00:00:00+00:00,659,27.1875,100,14.776,8.14312,10028308,1023,50,32.46,281.2,273
2021-10-12 00:00:00+00:00,689,27.25,100,8.104,8.14312,0,1010,50,32.46,281.2,274
2021-10-13 00:00:00+00:00,631,27.0625,100,17.403,8.19759,21075.64453,1037,50,32.46,281.2,275
2021-10-14 00:00:00+00:00,632,27.125,100,22.765,8.21121,62079.92578,1039,50,32.46,281.2,276
2021-10-15 00:00:00+00:00,633,27.125,100,19.646,8.19759,10693.24414,1038,50,32.46,281.2,277
2021-10-16 00:00:00+00:00,634,27.0625,100,31.521,8.19759,32495.45117,1039,50,32.46,281.2,278
2021-10-17 00:00:00+00:00,635,27.125,100,31.369,8.19305,34473.55469,1039,50,32.46,281.2,279
2021-10-18 00:00:00+00:00,636,27.0625,100,16.079,8.20213,34473.55469,1038,50,32.46,281.2,280
2021-10-19 00:00:00+00:00,637,27.0625,100,25.927,8.20213,111202.3906,1036,50,32.46,281.2,281
2021-10-20 00:00:00+00:00,638,27.125,100,33.475,8.20213,305587.2188,1021,50,32.46,281.2,282
2021-10-21 00:00:00+00:00,639,27.125,100,16.252,8.18851,2040141.75,1018,50,32.46,281.2,283
2021-10-22 00:00:00+00:00,640,27.125,100,21.832,8.21575,1092618.25,1038,50,32.46,281.2,284
2021-10-23 00:00:00+00:00,641,27.125,100,24.936,8.21121,10647393,1022,50,32.46,281.2,285
2021-10-24 00:00:00+00:00,695.5,25.6875,100,9.7075,7.825355,86439544,858.5,50,36.585355,434.9857,286
2021-10-25 00:00:00+00:00,643,27.1875,100,16.621,8.21121,2210719.75,1009,50,32.46,281.2,287
2021-10-26 00:00:00+00:00,644,27.125,100,16.839,8.19759,6752530.5,1012,50,32.46,281.2,288
2021-10-27 00:00:00+00:00,645,27.1875,100,15.796,8.22029,136042256,996,50,32.46,281.2,289
2021-10-28 00:00:00+00:00,646,27.1875,100,28.554,8.23845,0,1015,50,32.46,281.2,290
2021-10-29 00:00:00+00:00,647,27.1875,100,0,8.20667,4713923,1019,50,32.46,281.2,291
2021-10-30 00:00:00+00:00,648,27.25,100,7.402,8.13858,1.06427,2165,50,32.46,281.2,292
2021-10-31 00:00:00+00:00,649,27.25,100,3.292,8.14312,4.0295,1456,50,32.46,281.2,293
2021-11-10 00:00:00+00:00,629,27.125,100,20.493,8.19759,15100.59473,1050,50,32.46,281.2,303
2021-11-11 00:00:00+00:00,660,27.25,100,9.595,8.15674,0,1013,50,32.46,281.2,304
2021-11-12 00:00:00+00:00,690,27.25,100,8.046,8.1295,0,1019,50,32.46,281.2,305
2021-11-13 00:00:00+00:00,662,27.25,100,6.266,8.16128,19449161728,1010,50,32.46,281.2,306
2021-11-14 00:00:00+00:00,663,27.1875,100,3.828,8.14766,0,1004,50,32.46,281.2,307
2021-11-15 00:00:00+00:00,664,27.25,100,7.236,8.14312,0,1003,50,32.46,281.2,308
2021-11-16 00:00:00+00:00,665,27.1875,100,11.223,8.14312,0,993,50,32.46,281.2,309
2021-11-17 00:00:00+00:00,666,27.25,100,12.055,8.13858,0,995,50,32.46,281.2,310
2021-11-18 00:00:00+00:00,667,27.25,100,0,8.13858,0,1004,50,32.46,281.2,311
2021-11-19 00:00:00+00:00,668,27.25,100,6.889,8.14766,0,996,50,32.46,281.2,312
2021-11-20 00:00:00+00:00,669,27.25,100,11.165,8.13858,0,1001,50,32.46,281.2,313
2021-11-21 00:00:00+00:00,2349.614583,25.16292318,100,2.096164063,7.243042917,1601421877,691.578125,50,42.94192206,643.4113784,314
2021-11-22 00:00:00+00:00,671,27.25,100,0,8.13858,0,994,50,32.46,281.2,315
2021-11-23 00:00:00+00:00,672,27.25,100,4.927,8.13858,0,999,50,32.46,281.2,316
2021-11-24 00:00:00+00:00,673,27.25,100,10.883,8.1295,0,1001,50,32.46,281.2,317
2021-11-25 00:00:00+00:00,674,27.25,100,17.41,8.13858,0,1003,50,32.46,281.2,318
2021-11-26 00:00:00+00:00,675,27.1875,100,17.938,8.14312,0,999,50,32.46,281.2,319
2021-11-27 00:00:00+00:00,676,27.1875,100,12.692,8.14312,0,1017,50,32.46,281.2,320
2021-11-28 00:00:00+00:00,677,27.1875,100,8.198,8.13858,0,986,50,32.46,281.2,321
2021-11-29 00:00:00+00:00,678,27.1875,100,22.193,8.13858,0,999,50,32.46,281.2,322
2021-11-30 00:00:00+00:00,679,27.1875,100,13.003,8.13404,0,995,50,32.46,281.2,323
2021-12-10 00:00:00+00:00,630,27.125,100,12.555,8.20213,42010.77344,1039,50,32.46,281.2,333
2021-12-11 00:00:00+00:00,661,27.25,100,5.528,8.15674,4787283968,1022,50,32.46,281.2,334
2021-12-12 00:00:00+00:00,691,27.3125,100,0,8.15674,0,1008,50,32.46,281.2,335
2021-12-13 00:00:00+00:00,692,27.1875,100,7.8,8.12496,0,1006,50,32.46,281.2,336
2021-12-14 00:00:00+00:00,693,27.1875,100,13.705,8.13404,0,1001,50,32.46,281.2,337
2021-12-15 00:00:00+00:00,694,27.25,100,4.689,8.12042,0,1007,50,32.46,281.2,338
2021-12-16 00:00:00+00:00,695,27.1875,100,0,8.13404,0,1006,50,32.46,281.2,339
2021-12-17 00:00:00+00:00,696,27.1875,100,10.977,8.11588,0,1013,50,32.46,281.2,340
2021-12-18 00:00:00+00:00,697,27.25,100,9.465,8.11134,0,1012,50,32.46,281.2,341
2021-12-19 00:00:00+00:00,698,27.1875,100,4.812,8.1295,0,1011,50,32.46,281.2,342
2021-12-20 00:00:00+00:00,699,27.1875,100,6.288,8.11588,0,1009,50,32.46,281.2,343
2021-12-21 00:00:00+00:00,700,27.25,100,8.336,8.11588,0,1021,50,32.46,281.2,344
2021-12-22 00:00:00+00:00,701,27.25,100,25.356,8.11588,0,1019,50,32.46,281.2,345
2021-12-23 00:00:00+00:00,702,27.1875,100,10.601,8.1295,0,1020,50,32.46,281.2,346
2021-12-24 00:00:00+00:00,703,27.1875,100,8.198,8.15674,0,1023,50,32.46,281.2,347
2021-12-25 00:00:00+00:00,704,27.1875,100,2.814,8.18851,0,1017,50,32.46,281.2,348
2021-12-26 00:00:00+00:00,705,27.25,100,8.879,8.10226,0,1021,50,32.46,281.2,349
2021-12-27 00:00:00+00:00,706,27.1875,100,2.539,8.16128,0,1015,50,32.46,281.2,350
2021-12-28 00:00:00+00:00,707,27.1875,100,6.925,8.14766,0,1021,50,32.46,281.2,351
2021-12-29 00:00:00+00:00,708,27.1875,100,17.526,8.12042,0,1017,50,32.46,281.2,352
2021-12-30 00:00:00+00:00,709,27.1875,100,0,8.11134,0,1021,50,32.46,281.2,353
2021-12-31 00:00:00+00:00,710,27.1875,100,4.182,8.11588,0,1021,50,32.46,281.2,354
2022-01-01 00:00:00+00:00,711,27.1875,100,12.142,8.15674,0,1017,50,32.46,281.2,355
2022-01-02 00:00:00+00:00,742,27.1875,100,6.527,8.14766,0,1044,50,32.46,281.2,356
2022-01-13 00:00:00+00:00,723,27.1875,100,7.504,8.11588,0,1012,50,32.46,281.2,367
2022-01-14 00:00:00+00:00,724,27.125,100,6.838,8.14766,0,1018,50,32.46,281.2,368
2022-01-15 00:00:00+00:00,725,27.1875,100,6.722,8.12042,0,1015,50,32.46,281.2,369
2022-01-16 00:00:00+00:00,726,27.1875,100,8.198,8.14766,0,1022,50,32.46,281.2,370
2022-01-17 00:00:00+00:00,727,27.1875,100,7.489,8.14312,0,1030,50,32.46,281.2,371
2022-01-18 00:00:00+00:00,728,27.1875,100,5.767,8.12042,0,1038,50,32.46,281.2,372
2022-01-19 00:00:00+00:00,729,27.1875,100,24.762,8.12042,0,1035,50,32.46,281.2,373
2022-01-20 00:00:00+00:00,730,27.1875,100,15.435,8.11134,0,1040,50,32.46,281.2,374
2022-01-21 00:00:00+00:00,731,27.1875,100,2.388,8.12042,0,1043,50,32.46,281.2,375
2022-01-22 00:00:00+00:00,732,27.25,100,6.708,8.11134,0,1043,50,32.46,281.2,376
2022-01-23 00:00:00+00:00,733,27.1875,100,7.424,8.15674,0,1049,50,32.46,281.2,377
2022-01-24 00:00:00+00:00,734,27.1875,100,8.893,8.10226,0,1047,50,32.46,281.2,378
2022-01-25 00:00:00+00:00,735,27.25,100,0,8.1749,0,1046,50,32.46,281.2,379
2022-01-26 00:00:00+00:00,736,27.1875,100,6.946,8.12042,0,1053,50,32.46,281.2,380
2022-01-27 00:00:00+00:00,737,27.1875,100,7.815,8.10226,0,1023,50,32.46,281.2,381
2022-01-28 00:00:00+00:00,738,27.1875,100,13.72,8.13858,0,1047,50,32.46,281.2,382
2022-01-29 00:00:00+00:00,739,27.125,100,0,8.13858,0,1051,50,32.46,281.2,383
2022-01-30 00:00:00+00:00,740,27.125,100,15.341,8.16128,0,1047,50,32.46,281.2,384
2022-01-31 00:00:00+00:00,741,27.125,100,10.883,8.10226,0,1049,50,32.46,281.2,385
2022-02-01 00:00:00+00:00,712,27.1875,100,7.366,8.13858,0,1028,50,32.46,281.2,386
2022-02-02 00:00:00+00:00,743,27.1875,100,8.567,8.12496,0,1065,50,32.46,281.2,387
2022-03-01 00:00:00+00:00,713,27.1875,100,11.194,8.1295,0,1018,50,32.46,281.2,414
2022-03-02 00:00:00+00:00,744,27.1875,100,0,8.1295,0,1066,50,32.46,281.2,415
2022-04-01 00:00:00+00:00,714,27.1875,100,4.949,8.12042,0,1020,50,32.46,281.2,445
2022-04-02 00:00:00+00:00,745,23.5,100,0,7.53483,0,1011,50,33.04286,302.9714,446
2022-05-01 00:00:00+00:00,715,27.1875,100,3.936,8.11588,0,1021,50,32.46,281.2,475
2022-05-02 00:00:00+00:00,746,25.25,100,20.16,7.40319,0,789,50,33.04286,302.9714,476
2022-06-01 00:00:00+00:00,716,27.1875,100,14.675,8.1749,0,1011,50,32.46,281.2,506
2022-06-02 00:00:00+00:00,747,25.1875,100,14.297,7.41227,0,816,50,33.04286,302.9714,507
2022-07-01 00:00:00+00:00,717,27.1875,100,2.605,8.11134,0,1028,50,32.46,281.2,536
2022-07-02 00:00:00+00:00,748,25.25,100,11.085,7.38957,0,784,50,33.04286,302.9714,537
2022-08-01 00:00:00+00:00,718,27.1875,100,13.047,8.10226,0,1017,50,32.46,281.2,567
2022-09-01 00:00:00+00:00,719,27.1875,100,0,8.13404,0,1014,50,32.46,281.2,598
2022-10-01 00:00:00+00:00,720,27.1875,100,8.524,8.14312,0,1012,50,32.46,281.2,628
2022-11-01 00:00:00+00:00,721,27.1875,100,16.006,8.12496,0,1010,50,32.46,281.2,659
2022-12-01 00:00:00+00:00,722,27.1875,100,15.833,8.13404,0,1011,50,32.46,281.2,689
2021-05-12 00:00:00+00:00,1438,25.7191416,51,21.8334386,5.397516416,22769760.76,1276.596491,50,40.73571,589.7857,0
2021-06-25 00:00:00+00:00,13.5,27.03605769,100,3.221307692,6.061602308,0.00015,189.0769231,50,14.64,28.6,44
2021-07-11 00:00:00+00:00,631.5,25.4375,51,24.977675,5.247055,13733.86947,1318.125,50,40.06857,559.1929,60
2021-10-10 00:00:00+00:00,40,27.03935185,100,3.102,6.061860741,0.000144444,188,50,32.01,275.9,151
2021-10-24 00:00:00+00:00,332.5,26.22939068,51.08781362,21.51832975,6.069243315,763812216.7,943.0107527,50,32.58643,296.0429,165
2021-11-21 00:00:00+00:00,945,25.47029387,51,20.07148041,5.692597376,29996683.95,1189.211244,50,39.95929,576.4286,193
2021-12-19 00:00:00+00:00,1959.5,25.25291149,51,19.36416925,6.175064612,263953092.6,1148.031056,50,41.21143308,603.7250156,221
2022-01-16 00:00:00+00:00,3241.5,26.35915115,51,16.94384814,6.433446032,535795.9019,1039.100287,50,41.66213,620.9285,249
2022-02-01 00:00:00+00:00,2587,26.00296645,51,19.13488871,6.272689493,8288086.708,1086.548282,50,41.39642,613.1428,265
